90.0 -85.0 80077.322 1085973.430 -999.000 -2716109.412 -893880.665 -999.000 -0.491 -0.219 -999.000 25.478 12.505 -999.000 7281548992182.458 1995218412621.847 -999.000
89.0 -85.0 -1299116.219 865396.848 -999.000 -1879906.314 -745724.551 -999.000 -0.692 -0.226 -999.000 24.677 12.464 -999.000 5139414491551.739 1434888506029.968 -999.000
88.0 -85.0 -250670.631 874383.485 -999.000 -1375141.330 -587380.322 -999.000 -0.557 -0.188 -999.000 25.411 12.542 -999.000 1700215917377.772 1142762682965.217 -999.000
87.0 -85.0 -153263.122 868698.182 -999.000 -866108.168 -91318.141 -999.000 -0.556 -0.033 -999.000 25.311 12.638 -999.000 740311780615.762 716185480648.581 -999.000
86.0 -85.0 -999.000 255334.266 -999.000 -999.000 -515811.671 -999.000 -999.000 -0.354 -999.000 -999.000 12.401 -999.000 -999.000 336182537889.173 -999.000
90.0 -80.0 4240239.030 -306469.170 -999.000 4309219.094 -2930074.929 -999.000 0.253 -0.533 -999.000 24.914 12.414 -999.000 36641971595082.109 8928417125754.896 -999.000
89.0 -80.0 3378086.730 382553.570 -999.000 3930029.320 -2641852.993 -999.000 0.274 -0.454 -999.000 24.984 12.494 -999.000 27052132319621.363 7147119509173.945 -999.000
88.0 -80.0 2196411.501 -271.927 -999.000 3800582.099 -2315856.984 -999.000 0.333 -0.500 -999.000 25.196 12.445 -999.000 19283538659774.195 5498196302078.750 -999.000
87.0 -80.0 2160347.047 443983.582 -999.000 2766695.385 -2182353.900 -999.000 0.289 -0.436 -999.000 25.075 12.491 -999.000 12614301220892.314 4966469289360.063 -999.000
86.0 -80.0 1621561.282 420062.478 -664591.223 2254767.236 -1872340.016 382197.404 0.301 -0.430 0.834 25.121 12.492 8.321 7844259743073.812 3689612175584.907 656466536135.240
85.0 -80.0 1679933.515 -86979.164 -296580.928 1225991.091 -1452371.581 796569.561 0.201 -0.519 0.613 24.724 12.419 8.252 4416104020871.878 2511372639488.882 724237551075.229
84.0 -80.0 547400.638 -99374.536 -370768.920 1473482.271 -1092010.371 643644.439 0.387 -0.529 0.666 25.352 12.399 8.243 2374229542143.314 1219906281386.255 544972427207.116
83.0 -80.0 770497.470 -218506.131 -716499.938 458220.314 -1029325.537 122854.226 0.171 -0.567 0.946 24.621 12.375 8.347 744878833460.847 1088475786961.735 604470671024.207
82.0 -80.0 -999.000 405905.653 -999.000 -999.000 -458825.751 -999.000 -999.000 -0.269 -999.000 -999.000 12.587 -999.000 -999.000 375842266392.582 -999.000
81.0 -80.0 -999.000 -999.000 -999.000 -999.000 -999.000 -999.000 -999.000 -999.000 -999.000 -999.000 -999.000 -999.000 -999.000 -999.000 -999.000
90.0 -75.0 10826914.962 -4530285.710 -999.000 -2500508.629 2747289.030 -999.000 -0.072 0.826 -999.000 24.897 12.423 -999.000 123640993133650.859 29063815091823.996 -999.000
89.0 -75.0 9874764.821 -4828308.542 -999.000 -1658818.506 2450443.272 -999.000 -0.053 0.851 -999.000 24.955 12.442 -999.000 100385890855633.609 29485802048689.578 -999.000
88.0 -75.0 8680436.695 -4567749.866 -999.000 -1531025.321 2112232.491 -999.000 -0.056 0.862 -999.000 24.964 12.458 -999.000 78725970981443.797 25468127447307.301 -999.000
87.0 -75.0 7738739.733 -4294420.311 1019654.879 -1179527.511 1946353.607 -1465208.378 -0.048 0.865 -0.306 24.968 12.450 8.261 61423210549378.500 22378453223827.469 3189674526807.973
86.0 -75.0 6905549.754 -3941996.378 1234053.791 -1243952.640 1549441.705 -1101983.456 -0.057 0.881 -0.232 24.952 12.454 8.298 49442904787151.023 19123384809192.914 2777615242358.722
85.0 -75.0 5709081.171 -3589702.665 816330.606 -839989.655 1399461.805 -1478357.274 -0.047 0.882 -0.339 24.998 12.469 8.244 33839292815633.820 14846550233250.207 2781970810553.306
84.0 -75.0 5047632.308 -3169625.053 1438211.567 -907248.114 1053558.478 -789106.724 -0.057 0.898 -0.160 24.953 12.463 8.327 26452744186040.074 12313728251064.662 2794092977827.948
83.0 -75.0 4157004.748 -2519201.487 1639718.802 -653476.559 1355039.440 -257477.576 -0.050 0.843 -0.050 24.987 12.420 8.364 17901743805905.145 8298216854039.472 2759913390527.350
82.0 -75.0 3004999.489 -2157833.847 1019559.201 -1088203.262 1000385.873 -898274.049 -0.111 0.862 -0.230 24.732 12.432 8.285 10396554259869.447 5786464771725.303 2033468869971.606
81.0 -75.0 2716830.029 -1701046.693 1415301.108 -249353.728 1004393.950 -85347.445 -0.029 0.830 -0.019 25.054 12.402 8.369 7493875510328.576 3941367976078.797 2019405619419.649
80.0 -75.0 1869787.957 -1011829.432 1077034.797 -350825.490 824593.476 -221599.645 -0.059 0.782 -0.064 24.860 12.373 8.344 3638045461422.992 2227681155047.970 1275029722748.153
79.0 -75.0 1522222.083 -950026.476 1028832.995 -61644.473 648322.377 55803.003 -0.013 0.809 0.017 25.107 12.379 8.376 2327995075409.761 1304554043682.257 1067248194089.241
78.0 -75.0 855533.789 -838307.516 764529.366 -462512.444 38221.985 -137400.937 -0.158 0.220 -0.057 24.538 12.515 8.330 719058336247.457 708922155632.500 693012933041.071
77.0 -75.0 772170.428 -999.000 775650.374 -326689.242 -999.000 219140.968 -0.127 -999.000 0.088 24.383 -999.000 8.373 369434793265.913 -999.000 725784868997.104
76.0 -75.0 -999.000 -999.000 -999.000 -999.000 -999.000 -999.000 -999.000 -999.000 -999.000 -999.000 -999.000 -999.000 -999.000 -999.000 -999.000
90.0 -70.0 15436892.137 -6325297.994 -999.000 -5047854.523 5494134.479 -999.000 -0.101 0.772 -999.000 24.937 12.455 -999.000 265560584257868.688 71084224631895.109 -999.000
89.0 -70.0 14404300.167 -6305766.393 -999.000 -4445707.228 5127339.128 -999.000 -0.095 0.783 -999.000 24.973 12.462 -999.000 228347226120630.000 66199162897529.609 -999.000
88.0 -70.0 13247693.555 -6237007.788 -999.000 -3994072.720 4327743.256 -999.000 -0.093 0.807 -999.000 24.960 12.479 -999.000 192067355577590.312 58185683235529.508 -999.000
87.0 -70.0 12092794.131 -5828772.214 819978.996 -3596995.013 4490623.344 -1965447.560 -0.092 0.791 -0.374 24.983 12.467 8.290 159974714394133.625 54192331408450.812 5104481412998.092
86.0 -70.0 10817287.319 -5054637.124 643702.931 -3704020.166 4240317.065 -2351350.325 -0.105 0.778 -0.415 24.929 12.457 8.259 130827329982600.859 44819755028811.656 5965964999292.948
85.0 -70.0 9916138.860 -5216026.995 1014468.615 -2803082.402 3817164.204 -2033376.898 -0.088 0.799 -0.353 24.998 12.471 8.301 106786466845527.266 41831818495713.203 5673412043566.628
84.0 -70.0 9093054.826 -4875786.114 1540241.752 -2480774.982 3355304.235 -2038444.412 -0.085 0.808 -0.294 24.998 12.480 8.324 88960389468390.203 35139557492085.215 6630591980549.146
83.0 -70.0 8098612.323 -4524795.508 1594631.415 -2150037.614 3008299.148 -1971156.438 -0.083 0.813 -0.283 25.005 12.484 8.326 70280324339652.758 29589064317766.961 6551750354853.486
82.0 -70.0 7092000.680 -4079309.778 1694304.695 -2155533.216 2585540.938 -1790583.663 -0.094 0.820 -0.259 24.964 12.477 8.333 55267665223170.672 25091345335838.512 6180607361602.778
81.0 -70.0 5775608.693 -3588598.021 1213042.403 -2136075.815 2442358.675 -1922872.699 -0.113 0.810 -0.321 24.874 12.468 8.304 37978812644727.422 18848651096819.023 5282775180175.474
80.0 -70.0 4916281.066 -3185506.923 1200328.100 -1871873.564 2116100.068 -1785393.226 -0.116 0.813 -0.312 24.860 12.469 8.306 27676964418326.754 14627550091312.535 4720542745239.146
79.0 -70.0 4098158.131 -2776407.319 1144215.250 -1636753.004 1808282.780 -1636140.464 -0.121 0.816 -0.306 24.839 12.469 8.308 19524987588115.203 10980016924366.717 4065532392974.602
78.0 -70.0 3698421.124 -2451491.678 954366.527 -175200.311 1640467.256 -1425932.093 -0.015 0.812 -0.312 25.227 12.475 8.316 13898411303051.844 8729569329786.582 3212176824614.940
77.0 -70.0 3054351.551 -2000556.106 1351902.940 -1024684.216 1210185.947 -1079079.500 -0.103 0.827 -0.214 24.938 12.464 8.347 10448002967885.717 6342022783086.239 3066832467764.760
76.0 -70.0 2341844.331 -1657181.142 1444568.772 -383542.058 1078768.504 -621585.174 -0.052 0.816 -0.129 25.098 12.459 8.370 5721837739901.936 4050573049178.671 2488606863427.287
75.0 -70.0 1422178.415 -1144691.818 627819.896 -817915.482 802737.269 -895399.247 -0.166 0.805 -0.305 24.670 12.444 8.305 2801495841223.979 1992399123189.115 1257296736528.458
74.0 -70.0 1312497.375 -793777.688 899697.542 -658064.298 950606.779 -468097.420 -0.148 0.721 -0.153 24.844 12.371 8.366 2159725432719.298 1504949788545.186 1034207770475.095
73.0 -70.0 495307.165 -594845.417 430259.309 -517553.622 250036.975 -414463.602 -0.257 0.873 -0.244 24.236 12.469 8.321 525919987249.934 416375527634.639 357092291015.560
72.0 -70.0 604955.294 -999.000 -999.000 -150198.167 -999.000 -999.000 -0.077 -999.000 -999.000 25.055 -999.000 -999.000 391190477526.637 -999.000 -999.000
71.0 -70.0 529446.682 -999.000 533251.074 -126309.173 -999.000 157876.832 -0.075 -999.000 0.092 24.398 -999.000 8.373 151177233011.173 -999.000 372361171768.923
90.0 -65.0 -7461086.046 7592849.279 1763247.218 -20166683.055 -7672995.302 1276915.990 -0.613 -0.252 0.199 25.091 12.519 8.372 462480372217616.500 116786209706784.578 4754494434960.683
89.0 -65.0 -7569091.590 7621913.965 1534850.684 -18899544.680 -7172292.385 1608812.670 -0.621 -0.240 0.257 25.051 12.528 8.394 415183309563706.750 109553382969245.859 4955382868301.584
88.0 -65.0 -6775226.003 7048425.393 1773236.152 -17891274.762 -7163576.718 1035279.952 -0.615 -0.253 0.168 25.072 12.519 8.358 368766699926336.000 102323304789446.953 4227870188211.784
87.0 -65.0 -6806175.625 6683408.147 2428400.632 -16375234.899 -6941219.436 726100.976 -0.625 -0.256 0.092 25.053 12.518 8.330 315761617587444.375 94943507700716.516 6425692405880.296
86.0 -65.0 -5618008.989 6410574.288 2485675.312 -15252541.481 -6815250.989 1570548.132 -0.612 -0.260 0.179 25.098 12.514 8.369 264317600677387.375 87721803556784.078 8692692151533.699
85.0 -65.0 -5705887.425 6316606.858 2209963.927 -14135239.732 -6392920.960 1785282.645 -0.622 -0.252 0.216 25.039 12.517 8.382 234058258294505.906 80919911155981.375 8073048364497.532
84.0 -65.0 -5486022.855 5998974.852 2489571.858 -12884508.987 -5999221.375 1294207.196 -0.628 -0.250 0.153 25.017 12.519 8.362 196425212922194.656 72494817286539.266 8044074129642.176
83.0 -65.0 -5059643.195 5444128.248 2925729.688 -11781452.282 -5704872.332 754954.909 -0.629 -0.257 0.080 25.047 12.519 8.329 165548975465468.844 64030675688142.406 9154090986214.357
82.0 -65.0 -4166493.942 5098553.612 2608784.472 -11002028.582 -5387635.590 586312.704 -0.615 -0.259 0.070 25.074 12.517 8.327 140344110156061.469 56135645288903.930 7605523706718.337
81.0 -65.0 -3758142.814 4716351.471 2615026.579 -9967815.205 -5036752.672 539908.473 -0.615 -0.260 0.065 25.076 12.516 8.325 115277272855797.625 48709223581566.023 7606843676934.054
80.0 -65.0 -3663385.190 4526729.540 2653279.018 -8751997.523 -4595549.976 1302669.136 -0.626 -0.252 0.145 25.038 12.522 8.362 90145399123455.922 41688851612410.289 9348707886572.615
79.0 -65.0 -3432081.292 3941550.524 2915239.485 -7740241.859 -4293288.352 668501.917 -0.633 -0.264 0.072 25.046 12.516 8.328 72636515088694.672 35655168929781.859 8982300887978.037
78.0 -65.0 -3074191.432 3564028.082 2832381.713 -6831761.324 -3917654.320 629341.817 -0.635 -0.265 0.070 25.044 12.516 8.327 57016279378513.031 29669064786976.395 8455777667808.550
77.0 -65.0 -2682818.886 3173734.861 2432945.070 -5991177.356 -3767007.758 977458.104 -0.634 -0.277 0.122 24.981 12.501 8.354 43682884783331.844 24334304553267.641 7077788360897.230
76.0 -65.0 -2096946.213 2540509.372 2184702.758 -5218860.782 -3529716.250 1174564.748 -0.622 -0.301 0.157 25.075 12.482 8.359 31873424820593.387 19478778091423.121 6326313147573.870
75.0 -65.0 -2037112.508 2404460.098 2130708.710 -4410589.713 -3031811.324 838520.533 -0.638 -0.287 0.119 24.955 12.495 8.354 24110204594420.996 15019721821528.281 5432420313762.684
74.0 -65.0 -1591429.518 2345191.414 914737.481 -3744059.004 -2317971.795 1853516.502 -0.628 -0.248 0.354 25.033 12.528 8.426 16574369547342.209 10882368000292.430 5152805190940.380
73.0 -65.0 -1296795.492 2046521.181 1598280.096 -3090551.199 -1907053.197 1277142.216 -0.626 -0.239 0.215 25.037 12.536 8.388 11255836961894.744 7867854146404.525 4213944022299.318
72.0 -65.0 -905674.155 1384041.514 1697217.415 -2619616.762 -1999573.428 -251857.739 -0.606 -0.307 -0.047 25.129 12.456 8.278 7695458986555.876 6268349033711.010 2948167314816.758
71.0 -65.0 -1183818.465 1384500.082 1202349.883 -1881225.866 -1386438.660 935711.316 -0.679 -0.250 0.211 24.825 12.518 8.386 4961056766874.231 3852869256455.198 2328670880395.456
70.0 -65.0 -915743.083 1109501.155 984738.672 -1422731.376 -1065182.269 794030.628 -0.682 -0.244 0.216 24.808 12.521 8.388 2875718377741.072 2373735663486.550 1605041780136.832
69.0 -65.0 -309823.688 762702.966 795417.028 -1149674.251 -858602.605 102657.029 -0.584 -0.269 0.041 25.471 12.527 8.317 1078652076085.121 1357872662656.393 686687213955.381
68.0 -65.0 -651127.183 441958.600 573681.915 -686734.905 -678712.402 357467.197 -0.742 -0.316 0.177 24.471 12.488 8.389 711749779613.410 656242510950.660 459065457566.918
67.0 -65.0 -114843.644 197258.760 495559.870 -467965.709 -663104.143 108380.908 -0.577 -0.408 0.069 25.288 12.394 8.287 228075990432.515 481610330058.106 273796257884.514
66.0 -65.0 -999.000 -999.000 -999.000 -999.000 -999.000 -999.000 -999.000 -999.000 -999.000 -999.000 -999.000 -999.000 -999.000 -999.000 -999.000
90.0 -60.0 26922088.776 -12712588.697 -999.000 -4676518.400 5812030.848 -999.000 -0.055 0.864 -999.000 24.935 12.445 -999.000 746839862600135.875 197581647298503.812 -999.000
89.0 -60.0 25164703.874 -12334749.745 -999.000 -5004274.540 5540154.269 -999.000 -0.062 0.866 -999.000 24.890 12.446 -999.000 659609422356694.625 183046646259954.469 -999.000
88.0 -60.0 24049124.588 -12050576.023 -999.000 -3933127.946 5224135.523 -999.000 -0.052 0.870 -999.000 24.935 12.452 -999.000 594309280455248.125 172652988641375.125 -999.000
87.0 -60.0 22587712.991 -11567832.491 -999.000 -4264300.197 5301224.246 -999.000 -0.059 0.863 -999.000 24.907 12.443 -999.000 529269738686989.125 162287521168753.062 -999.000
86.0 -60.0 21660503.550 -11332024.522 2797822.940 -3204562.859 4799256.719 -2692807.286 -0.047 0.872 -0.244 24.961 12.454 8.300 480150427212589.312 151798529505609.656 15106234762356.230
85.0 -60.0 20077540.471 -10539338.743 2415446.970 -3587159.158 4857985.408 -3295676.893 -0.056 0.863 -0.299 24.924 12.443 8.261 416359587251667.000 135895950851920.062 16706396255626.381
84.0 -60.0 18968183.436 -10658925.341 3032053.365 -2821561.467 4374075.560 -2798850.746 -0.047 0.876 -0.237 24.951 12.452 8.285 368091986980193.688 133067614636026.844 17683417009808.664
83.0 -60.0 17555839.086 -10027714.688 3277855.262 -2760662.636 4226990.199 -2711559.166 -0.050 0.873 -0.220 24.934 12.452 8.301 318082870277333.375 119915514191493.500 18223841616165.426
82.0 -60.0 16307471.094 -9705370.439 4084601.352 -3195949.054 3629562.034 -1530690.392 -0.062 0.886 -0.114 24.879 12.457 8.345 276699255823909.656 107574661303624.938 19057172983693.727
81.0 -60.0 15418403.008 -9076769.732 3279306.320 -2427510.747 3717008.911 -2326337.795 -0.050 0.876 -0.196 24.950 12.449 8.301 244267483815669.656 96439843380208.375 17053297228937.178
80.0 -60.0 14355009.680 -8832596.379 3301361.834 -2176603.526 2990931.331 -2429564.082 -0.048 0.896 -0.202 24.952 12.463 8.300 211212344804416.406 89221703362500.469 16831689662676.635
79.0 -60.0 12856866.198 -8260367.312 3970410.058 -2558596.995 2821846.214 -1683104.330 -0.063 0.895 -0.128 24.867 12.462 8.337 172264250719154.219 76349957480812.312 18814167545850.332
78.0 -60.0 11780078.197 -7666947.639 3467109.291 -1696924.306 2888431.046 -2309488.890 -0.046 0.885 -0.187 24.939 12.459 8.306 143550807409026.812 68273661978237.477 17436349001682.189
77.0 -60.0 10890580.957 -7295173.625 3324425.002 -1335468.223 2491816.389 -1890615.965 -0.039 0.895 -0.165 24.973 12.462 8.307 120608242923347.297 59801277187320.602 15947690495867.979
76.0 -60.0 9680172.043 -6628574.458 3350445.915 -1334215.540 2384283.925 -2065489.959 -0.044 0.890 -0.176 24.941 12.462 8.308 97208841586364.781 50546514822580.688 15580769806892.609
75.0 -60.0 9052609.721 -6151174.387 3237061.444 -878464.817 1939209.714 -1603084.444 -0.031 0.903 -0.146 25.010 12.473 8.321 82777707614603.547 41761132050121.570 13106872018232.941
74.0 -60.0 7754400.273 -5532699.796 2766064.507 -1517517.053 1929166.319 -1902234.607 -0.062 0.893 -0.192 24.879 12.456 8.297 62531661786998.641 34461194677624.605 11561440241441.146
73.0 -60.0 7019486.323 -5166378.051 2891408.635 -686062.991 1596835.342 -1285433.200 -0.031 0.905 -0.133 24.996 12.465 8.318 49882530092203.156 29525946409206.457 11188621166504.600
72.0 -60.0 6326110.702 -4592717.896 2739340.612 -856455.220 1133402.355 -1263799.571 -0.043 0.923 -0.138 24.969 12.475 8.319 40976238659925.719 24010849215925.500 9130027245595.850
71.0 -60.0 5157710.706 -3958327.064 2292180.623 -1145908.827 1322960.776 -1450606.574 -0.070 0.897 -0.180 24.844 12.454 8.299 27981750165540.113 17511483797664.609 7617402417106.605
70.0 -60.0 4678971.149 -3381794.089 2429845.816 -557209.748 1271352.035 -709099.809 -0.038 0.886 -0.090 24.996 12.443 8.337 22395672595526.020 13222455257933.900 6796192388837.576
69.0 -60.0 3744263.067 -3041801.109 2601326.722 -1086444.142 665681.694 -458551.889 -0.090 0.931 -0.056 24.683 12.475 8.352 14764155711538.410 9727856006601.367 7028675355232.253
68.0 -60.0 3118845.533 -2526549.241 1949022.982 -274025.571 240648.650 -414962.789 -0.028 0.970 -0.067 24.967 12.510 8.338 9958069718203.148 6756363247385.951 4039689596153.391
67.0 -60.0 2477376.056 -2183240.084 908802.712 474258.322 516497.739 -1379534.459 0.060 0.926 -0.315 25.297 12.483 8.242 6584379853491.947 5050239588033.916 2730976241320.947
66.0 -60.0 1923539.270 -1753458.366 846481.935 405320.607 397869.298 -1095747.288 0.066 0.929 -0.291 25.312 12.485 8.247 4033050356772.728 3243631850637.567 1902248123295.783
65.0 -60.0 1619635.007 -1279345.086 1313913.495 -624682.788 147067.605 469946.239 -0.117 0.964 0.109 24.489 12.477 8.382 2321647297103.761 1712157412530.228 2386888090513.496
64.0 -60.0 660337.505 -979389.752 1024862.469 777941.660 392106.030 216701.481 0.276 0.879 0.066 25.903 12.427 8.384 1211444855327.769 1115909709661.417 1103598364851.231
63.0 -60.0 821045.022 -708488.081 700032.532 -369105.697 410436.717 34517.046 -0.134 0.833 0.016 24.830 12.381 8.380 813540457712.694 673729412835.872 494236335847.760
62.0 -60.0 -999.000 -999.000 -999.000 -999.000 -999.000 -999.000 -999.000 -999.000 -999.000 -999.000 -999.000 -999.000 -999.000 -999.000 -999.000
61.0 -60.0 532835.316 -999.000 525895.874 -59398.894 -999.000 222556.289 -0.035 -999.000 0.127 24.420 -999.000 8.373 163688341655.875 -999.000 356055575388.582
90.0 -55.0 -31591018.723 -15365590.983 -2306332.998 -3573110.735 -3482142.189 -1474972.358 -0.964 -0.929 -0.819 25.045 12.521 8.370 1015477546833038.125 248897482732434.062 7709173859859.659
89.0 -55.0 -30070670.451 -14939844.401 -2751870.150 -3544959.964 -3173904.521 -729169.180 -0.963 -0.933 -0.918 25.051 12.517 8.331 919371470968049.250 233964947104697.125 8130752500102.156
88.0 -55.0 -28775279.144 -14635420.874 -2962709.626 -3331868.725 -3066569.726 -797973.350 -0.963 -0.934 -0.916 25.049 12.517 8.333 841562264910541.125 224266642088892.375 9465267084399.627
87.0 -55.0 -27479777.602 -14308062.463 -3160977.383 -3183430.448 -2930737.009 -849289.362 -0.963 -0.936 -0.916 25.049 12.516 8.334 767701101709466.875 213922239244871.656 10787462786714.531
86.0 -55.0 -26187738.517 -13881262.118 -3231165.166 -2900448.679 -3191237.528 -1238195.525 -0.965 -0.928 -0.884 25.045 12.523 8.345 695402016313401.375 204727141725459.531 12021840753782.602
85.0 -55.0 -25246355.879 -13849524.104 -3106401.860 -2928123.311 -2418299.261 -2322857.018 -0.963 -0.945 -0.796 25.058 12.510 8.385 646970158750316.000 198163293946132.938 15118271839601.602
84.0 -55.0 -23974473.732 -13438052.340 -3249656.652 -2767814.972 -2286880.592 -2362655.366 -0.963 -0.946 -0.800 25.058 12.509 8.384 583366003831490.250 186252141483499.906 16200886562410.883
83.0 -55.0 -22606477.387 -12641352.363 -3728365.520 -2319973.061 -2982644.522 -942250.363 -0.967 -0.926 -0.921 25.045 12.524 8.338 517221628146939.062 169693588641164.125 14981187535655.061
82.0 -55.0 -21382668.867 -12438584.099 -3790939.086 -2137879.912 -2449104.438 -1662400.066 -0.968 -0.938 -0.868 25.033 12.516 8.356 465036600083369.688 161220736735393.062 17557814461118.820
81.0 -55.0 -19921832.349 -11768090.245 -3899685.319 -2095891.561 -2506902.817 -1281276.188 -0.967 -0.933 -0.899 25.041 12.520 8.343 402044567485750.375 146821242007143.219 16922376258080.385
80.0 -55.0 -19060185.575 -11614360.476 -2502065.611 -2119281.375 -1702244.120 -3346395.176 -0.965 -0.954 -0.704 25.056 12.505 8.414 368424649192560.000 138407687058283.984 19319514068009.844
79.0 -55.0 -17713555.531 -10970870.253 -4134405.453 -1627715.526 -1993124.589 -969053.285 -0.971 -0.943 -0.927 25.031 12.512 8.335 316979572344552.000 125104568836363.422 18095904700281.262
78.0 -55.0 -16369186.471 -10281794.846 -4080596.126 -1630826.429 -2115598.852 -1142873.128 -0.968 -0.935 -0.913 25.035 12.518 8.339 271196110923710.969 112398098304094.891 17969864478778.961
77.0 -55.0 -15449986.633 -9717939.859 -4084508.291 -1419562.241 -2196963.835 -761967.969 -0.971 -0.929 -0.941 25.038 12.522 8.332 241142579286458.562 100200947039395.656 17414466658653.969
76.0 -55.0 -14448922.581 -9514538.821 -3303013.482 -1559665.132 -1198259.373 -2856962.369 -0.966 -0.960 -0.773 25.056 12.501 8.394 211629144495395.406 92680647277409.469 19330302817505.230
75.0 -55.0 -13270923.486 -8838998.962 -3953000.574 -1573599.448 -1467710.951 -1214850.862 -0.962 -0.948 -0.905 25.075 12.506 8.348 179261414147262.562 80320757160438.625 17349384054252.754
74.0 -55.0 -12230203.204 -8343661.325 -3916101.053 -942970.991 -1407133.019 -1457207.734 -0.975 -0.947 -0.887 25.007 12.511 8.352 152894295999337.438 71722810980518.812 17993183852497.559
73.0 -55.0 -11277442.795 -7851861.661 -3011510.521 -1212839.258 -922179.645 -2799665.094 -0.966 -0.963 -0.762 25.058 12.499 8.398 128949632816830.750 63123408630268.656 17321198710270.623
72.0 -55.0 -9937561.061 -7018062.223 -3732356.264 -880619.061 -1385052.862 -855906.634 -0.972 -0.938 -0.928 25.022 12.517 8.335 99947546786665.469 53348872321653.930 14693289680252.125
71.0 -55.0 -9228025.167 -6611297.886 -3535017.764 -1145286.822 -998985.291 -991660.478 -0.961 -0.952 -0.913 25.089 12.502 8.346 86958608433863.594 44769109336544.188 13716017232806.125
70.0 -55.0 -8385545.039 -6153206.612 -1676763.516 -925605.249 -754983.736 -2856301.815 -0.965 -0.961 -0.669 25.065 12.501 8.426 71354916277388.484 38828366965237.664 13757817640276.945
69.0 -55.0 -7212589.253 -5488806.746 -3306325.664 -283568.783 -868086.317 -432600.508 -0.987 -0.950 -0.959 24.959 12.512 8.323 52713763201736.539 30975182705009.309 11239292666851.037
68.0 -55.0 -6597038.680 -5029194.183 -3057581.357 -340551.205 -694009.070 -1042652.383 -0.984 -0.956 -0.895 24.974 12.504 8.349 45337579198208.633 25814293629769.465 10881644052030.795
67.0 -55.0 -5826868.328 -4497809.035 -2838366.850 -150702.018 -569892.694 -976280.162 -0.992 -0.960 -0.895 24.943 12.501 8.350 35204538788116.125 20603626836971.918 9439304706970.246
66.0 -55.0 -4919484.405 -3938915.984 -2649300.061 -147608.784 -540870.815 -395288.213 0.090 -0.957 -0.953 24.974 12.499 8.330 24310829076091.754 16198449882664.291 7176780558149.597
65.0 -55.0 -4201091.510 -3451592.149 -2393507.930 -89554.834 -392975.655 -343595.803 0.287 -0.964 -0.955 24.966 12.492 8.329 17719022015066.031 12346459802424.482 5853667883798.005
64.0 -55.0 -3671941.164 -2970250.660 -1914109.769 -618866.964 -598050.112 -1356000.832 -0.947 -0.937 -0.804 25.126 12.517 8.387 13942212865211.096 9241809052940.408 5534882639821.359
63.0 -55.0 -2918146.766 -2421258.478 -1931711.331 -753721.080 -452136.300 32169.108 -0.920 -0.941 0.180 25.285 12.503 8.299 9120416998615.682 6073259203141.266 3762761129448.674
62.0 -55.0 -2375528.843 -1912102.301 -1549807.610 -31515.615 -379242.360 93136.107 -0.544 -0.938 0.981 24.998 12.504 8.303 5772304481382.728 3902909712559.493 2605413292478.049
61.0 -55.0 -2058583.173 -1647014.161 -1312707.421 524728.914 -203863.182 -491447.013 0.921 -0.961 -0.886 24.699 12.500 8.352 4375079728534.548 2764320050755.772 2203963376416.715
60.0 -55.0 -1523658.227 -1202746.879 -977955.127 -548424.256 -67268.993 -414211.472 -0.890 -0.982 -0.873 25.382 12.457 8.370 2373496037482.476 1490664544063.978 1169615002569.427
59.0 -55.0 -1008758.379 -821067.803 -760908.685 -77145.973 -107456.430 375438.451 -0.976 -0.959 0.854 25.095 12.474 8.267 1037913982456.682 689675257927.503 722742246214.515
58.0 -55.0 -606248.133 -675036.465 -999.000 121757.364 69490.307 -999.000 0.937 0.967 -999.000 24.827 12.435 -999.000 384664114100.649 463379948357.801 -999.000
57.0 -55.0 -540184.929 -999.000 -999.000 271673.473 -999.000 -999.000 0.852 -999.000 -999.000 24.261 -999.000 -999.000 141455111313.926 -999.000 -999.000
56.0 -55.0 -999.000 -999.000 -999.000 -999.000 -999.000 -999.000 -999.000 -999.000 -999.000 -999.000 -999.000 -999.000 -999.000 -999.000 -999.000
90.0 -50.0 -32418625.244 -10961896.369 -999.000 16471361.536 14232539.872 -999.000 0.850 0.709 -999.000 25.036 12.524 -999.000 1324925014614617.750 324702554359186.062 -999.000
89.0 -50.0 -31669465.808 -10911047.723 -927880.306 15252910.974 13941771.776 3119533.178 0.857 0.711 0.592 25.060 12.529 8.347 1238327712809890.250 313753510789404.250 11455107314082.805
88.0 -50.0 -30306305.821 -10744042.007 -1230584.998 15285854.683 13515849.901 3279815.690 0.851 0.714 0.614 25.045 12.530 8.364 1154133108923227.750 298929711192932.125 12308735869084.943
87.0 -50.0 -29033330.433 -10127011.856 -948560.883 14396857.116 13572975.704 3425019.332 0.853 0.704 0.586 25.051 12.523 8.359 1052285123401705.875 287055052639764.938 13166197214072.104
86.0 -50.0 -27931905.830 -9735452.670 -994275.397 13778457.710 13477262.214 3568433.553 0.854 0.699 0.587 25.054 12.519 8.357 972058683147310.125 278689245353144.406 13901474913181.463
85.0 -50.0 -26861087.204 -9978135.757 -1142751.536 13707520.238 12766358.871 3902989.345 0.850 0.711 0.591 25.042 12.529 8.358 910917564683667.250 263250594267200.812 16579657086790.160
84.0 -50.0 -25558076.200 -9487570.899 -852774.601 13295950.509 12781577.347 4022144.687 0.847 0.703 0.566 25.027 12.521 8.345 832060999932212.250 255455820625400.250 17303811723329.465
83.0 -50.0 -24911670.907 -9257099.984 -695157.249 12236514.273 12293354.944 4336048.533 0.855 0.705 0.551 25.060 12.523 8.344 772097240309326.500 237568943609525.562 19482984437040.297
82.0 -50.0 -23364625.588 -9047316.971 -1095597.106 11726526.880 12159993.440 4196360.345 0.852 0.704 0.581 25.049 12.523 8.354 684521422883448.375 230163872542240.656 18875729455481.031
81.0 -50.0 -22865099.820 -8668144.369 -2240627.765 10895555.472 11676982.911 4147983.998 0.858 0.703 0.658 25.077 12.522 8.391 642822995517895.125 211808408673829.125 22264063265345.879
80.0 -50.0 -21275194.864 -8536403.861 -883120.896 11046589.370 11147732.877 4617967.288 0.848 0.708 0.560 25.036 12.528 8.350 575499720241454.375 197747743902048.875 22143617971662.809
79.0 -50.0 -20379006.835 -8108063.460 -747537.152 10005971.837 11011821.842 4724148.856 0.855 0.702 0.550 25.054 12.525 8.339 516654840535293.188 187141562791879.312 23880397027005.203
78.0 -50.0 -19024496.597 -7388596.614 -996719.614 9927314.314 10835004.301 4516982.618 0.847 0.691 0.569 25.033 12.512 8.355 461392559082967.688 172232958772778.969 22987214869219.289
77.0 -50.0 -18332428.766 -7397863.402 -488475.339 9118112.889 10107350.008 4841671.279 0.853 0.701 0.532 25.058 12.521 8.340 420398194168994.188 157506048161524.594 23905477349270.395
76.0 -50.0 -16910530.262 -6739107.938 -906830.853 8917429.723 10023644.043 4589320.363 0.846 0.688 0.562 25.029 12.511 8.352 366218514196768.625 146119373290614.750 23494126357917.211
75.0 -50.0 -15864841.244 -6424166.891 -558503.584 8066129.041 9540008.853 4657783.815 0.850 0.689 0.538 25.046 12.513 8.343 317724747102625.938 134390146044294.422 22238826623208.754
74.0 -50.0 -15135324.400 -6473793.476 -684667.091 7496915.161 8952040.472 4797307.795 0.854 0.699 0.545 25.051 12.525 8.339 285975302344133.938 122156370044951.312 24619745461025.598
73.0 -50.0 -13817361.569 -6104267.404 -695174.746 7144573.610 8607655.969 4562403.060 0.848 0.696 0.548 25.039 12.519 8.346 242262212270945.438 111680389169917.312 21320274973634.211
72.0 -50.0 -12903881.478 -5411518.809 -728802.289 6933836.081 8257717.105 4467019.596 0.843 0.685 0.552 25.022 12.508 8.349 215071598979205.781 97655349083004.078 22091581550539.488
71.0 -50.0 -12320603.663 -5390363.312 -252763.528 6169818.431 7478271.319 4606273.687 0.852 0.699 0.517 25.060 12.520 8.336 190675097483368.031 85511172872394.547 21545250284913.160
70.0 -50.0 -10939213.601 -4982269.383 -424903.555 6180253.040 7236718.787 4352225.075 0.836 0.692 0.531 24.988 12.514 8.337 160253658268395.719 78399089836840.453 19424020890360.332
69.0 -50.0 -10563207.107 -5004878.640 -782710.589 5170430.927 6506463.438 4450296.822 0.855 0.709 0.555 25.060 12.526 8.350 138861315840424.797 68568878226033.672 20501508806544.410
68.0 -50.0 -9200430.495 -4424738.756 -490066.876 4827430.063 6300565.688 4022152.276 0.846 0.695 0.539 25.034 12.519 8.344 108059194149643.766 59482581246353.469 16443358226655.885
67.0 -50.0 -8678822.923 -4129346.550 -326438.214 4243475.455 5724573.048 4086037.700 0.855 0.699 0.525 25.054 12.527 8.333 93591402321211.844 49824954386424.086 17575927293807.285
66.0 -50.0 -7565076.746 -3530855.314 -194627.355 3924571.737 5327882.031 3689929.568 0.848 0.686 0.517 25.042 12.515 8.337 73303615528738.562 42688295773423.828 13848269117835.811
65.0 -50.0 -6801220.672 -3091202.699 -435209.413 3861613.472 4991555.261 3450152.083 0.836 0.677 0.540 25.001 12.501 8.346 61459181607106.336 34920820497045.258 13495219006152.672
64.0 -50.0 -6573238.502 -3087965.904 -1574611.918 2939620.877 4272894.687 3152010.695 0.866 0.699 0.647 25.124 12.520 8.393 52121847323965.336 27854802717002.379 12456108297191.488
63.0 -50.0 -5263347.459 -2825756.291 -284221.864 2858980.226 3989741.612 3012633.586 0.842 0.696 0.530 25.019 12.522 8.341 35985130675182.805 24014370023535.066 9170284235371.682
62.0 -50.0 -4930965.906 -2711309.472 211952.277 2319134.689 3302189.572 3075833.011 0.860 0.719 0.478 25.065 12.546 8.318 29796055917632.035 18430647594277.414 9629062558243.619
61.0 -50.0 -3999466.887 -1969647.132 -65538.339 2567309.679 3270272.676 2564833.882 0.818 0.673 0.508 24.904 12.498 8.326 23561022631519.184 14959862429822.469 7075832577670.041
60.0 -50.0 -3459350.142 -1757174.822 5142.480 1652640.033 2656451.175 2264845.715 0.858 0.686 0.499 25.083 12.519 8.332 14957314941956.936 11453048116550.770 5271568812515.463
59.0 -50.0 -2794856.535 -1473558.884 167506.656 1514077.602 2213677.403 2063301.436 0.842 0.687 0.474 25.011 12.522 8.320 10610671227496.893 7215743627510.438 4715024475351.069
58.0 -50.0 -2706644.925 -1103665.168 -401508.090 1236268.646 2132693.762 1967716.741 0.864 0.652 0.564 25.077 12.484 8.353 8941759932144.893 5787148404096.676 4059547468475.981
57.0 -50.0 -2187471.146 -905283.883 -362637.503 1079317.712 1751018.696 1692149.166 0.854 0.652 0.567 25.051 12.483 8.354 5998085686510.727 3901057371246.982 3013969175362.993
56.0 -50.0 -1647336.523 -1018716.336 284392.956 653512.207 1001795.706 1455419.201 0.880 0.753 0.439 25.095 12.587 8.306 3159847580324.821 2262558176629.230 2210609426799.465
55.0 -50.0 -1380649.627 -786340.085 -823665.685 639368.587 683970.516 857295.030 0.862 0.772 0.744 25.188 12.570 8.417 2347330715739.074 1088621241078.288 1580270318028.425
54.0 -50.0 -676450.459 -418035.278 -999.000 382746.937 753187.224 -999.000 0.836 0.661 -999.000 24.753 12.505 -999.000 580071879750.292 743424839017.208 -999.000
53.0 -50.0 -382837.088 203873.291 174277.161 479308.353 577297.750 579545.112 0.715 0.392 0.407 24.507 12.300 8.295 265713023859.595 231249269935.189 400667013434.562
52.0 -50.0 -315078.808 -999.000 -999.000 442940.821 -999.000 -999.000 0.697 -999.000 -999.000 24.161 -999.000 -999.000 56977025078.795 -999.000 -999.000
51.0 -50.0 -426217.635 -999.000 -999.000 -14564.429 -999.000 -999.000 -0.619 -999.000 -999.000 25.397 -999.000 -999.000 141327285822.312 -999.000 -999.000
90.0 -45.0 31997882.907 -6351604.927 -999.000 24631383.257 -18120006.116 -999.000 0.209 -0.607 -999.000 24.928 12.452 -999.000 1632904560972663.750 369093762762866.312 -999.000
89.0 -45.0 30022318.094 -6138136.271 -999.000 24908013.353 -17689724.038 -999.000 0.220 -0.606 -999.000 24.976 12.452 -999.000 1524305750570945.250 350923308814675.938 -999.000
88.0 -45.0 29545567.779 -5549243.860 -999.000 23574153.334 -17785152.865 -999.000 0.214 -0.596 -999.000 24.957 12.459 -999.000 1430762016514359.000 347894186106517.812 -999.000
87.0 -45.0 28588018.127 -5599930.686 -999.000 22602405.609 -17297975.355 -999.000 0.213 -0.600 -999.000 24.948 12.457 -999.000 1330301283569913.000 332291307274720.375 -999.000
86.0 -45.0 27618168.585 -5128105.173 -999.000 22154282.194 -17336555.377 -999.000 0.215 -0.592 -999.000 24.959 12.462 -999.000 1255782346391161.250 327500767632101.125 -999.000
85.0 -45.0 26503527.751 -5202634.873 -999.000 21620297.163 -16815256.665 -999.000 0.218 -0.596 -999.000 24.955 12.459 -999.000 1174751722308783.500 310586965877760.125 -999.000
84.0 -45.0 25665107.850 -4947830.279 -999.000 20503758.120 -16535948.574 -999.000 0.215 -0.593 -999.000 24.952 12.462 -999.000 1081528600450859.375 299642313172833.750 -999.000
83.0 -45.0 25011392.179 -4861022.988 -999.000 19786477.730 -16402037.439 -999.000 0.213 -0.592 -999.000 24.941 12.461 -999.000 1017378879803204.500 293349578461222.500 -999.000
82.0 -45.0 23721788.322 -4304864.486 -999.000 19354751.399 -16169272.326 -999.000 0.218 -0.583 -999.000 24.966 12.466 -999.000 939570369713413.875 280223000381790.844 -999.000
81.0 -45.0 22931541.041 -4759826.819 -999.000 18533045.176 -15566407.657 -999.000 0.216 -0.594 -999.000 24.952 12.457 -999.000 870625046481443.875 266136487295780.688 -999.000
80.0 -45.0 21699204.336 -3942519.826 -999.000 18066508.560 -15440386.807 -999.000 0.221 -0.580 -999.000 24.969 12.470 -999.000 799014343215137.750 254068328812384.750 -999.000
79.0 -45.0 20734025.877 -3948858.922 -999.000 17331342.300 -14850471.677 -999.000 0.222 -0.583 -999.000 24.962 12.466 -999.000 734419558589862.875 237233260573080.312 -999.000
78.0 -45.0 19943702.019 -3704787.330 -999.000 16208760.626 -14463387.900 -999.000 0.217 -0.580 -999.000 24.957 12.469 -999.000 662786512316721.000 224202498858955.969 -999.000
77.0 -45.0 18898022.536 -3337629.998 -999.000 15911353.248 -14241183.088 -999.000 0.223 -0.573 -999.000 24.972 12.474 -999.000 611687420541795.125 214239225617149.000 -999.000
76.0 -45.0 18578087.847 -3387763.114 113660.899 14765498.965 -13838675.736 4384231.798 0.214 -0.576 0.492 24.932 12.469 8.269 564230244870204.000 203018006478219.156 19367001240207.117
75.0 -45.0 17053336.029 -2928127.057 -1340650.810 14510756.211 -13369310.524 4449371.467 0.224 -0.569 0.593 24.976 12.476 8.304 502531179481029.500 187647671776694.250 21601653272188.047
74.0 -45.0 16540255.757 -3084252.326 -1923336.610 13423979.193 -12864900.171 4178100.866 0.217 -0.575 0.637 24.946 12.470 8.315 454130747728980.875 175258058950511.781 21482248516044.086
73.0 -45.0 15870682.258 -2812458.647 -2084707.237 12660575.545 -12451294.276 3769288.879 0.214 -0.571 0.661 24.930 12.472 8.318 413147222407063.875 163190487259893.000 20493121414652.352
72.0 -45.0 13985850.453 -2669640.755 -1563632.917 12944468.366 -11722690.167 4221817.871 0.238 -0.571 0.613 25.026 12.471 8.303 363428379377508.312 144648352305575.156 20486817665074.676
71.0 -45.0 13139279.102 -2515408.881 -1675358.556 12245910.725 -11224113.769 4177163.476 0.239 -0.570 0.621 25.029 12.472 8.306 322976391092856.500 132439117443322.781 20500560443960.949
70.0 -45.0 12825458.263 -2177962.404 -2524516.781 10630025.978 -10794756.076 3946757.055 0.220 -0.563 0.681 24.963 12.479 8.323 279813520220758.625 122683987567373.375 22726693906699.309
69.0 -45.0 11910022.321 -1683196.022 -1817973.348 10464155.647 -10526196.634 4159641.337 0.229 -0.550 0.631 25.000 12.485 8.310 251636297468690.688 114380738076573.641 20648744392782.727
68.0 -45.0 11259335.847 -2313320.844 -1814793.910 9555895.858 -9762374.655 4080886.994 0.224 -0.574 0.633 24.965 12.467 8.311 218690746218613.375 101320210874987.781 20189548918491.637
67.0 -45.0 10640136.841 -1886081.684 -2304564.808 8715357.848 -9356189.400 3811656.111 0.218 -0.563 0.673 24.942 12.475 8.324 189250727221907.406 91454193251394.422 20010432249936.121
66.0 -45.0 9462170.152 -1660550.111 -3230007.604 8423339.779 -8675478.272 3093943.261 0.232 -0.560 0.757 24.976 12.479 8.353 162776034710415.469 80078304572402.438 20256262498113.961
65.0 -45.0 8707956.694 -1520556.720 -3285673.418 7808124.947 -8146177.299 2901808.368 0.233 -0.559 0.770 24.978 12.480 8.356 139009993452483.594 70715907007437.891 19310151370323.156
64.0 -45.0 8246261.729 -1431432.175 -2347111.449 6836853.779 -7607412.754 3660749.924 0.220 -0.559 0.682 24.955 12.470 8.324 114917249162010.641 61395224612952.820 19014767869151.516
63.0 -45.0 7445596.188 -1110978.721 -2447889.684 6217472.408 -7133686.397 3151469.401 0.221 -0.549 0.710 24.963 12.487 8.330 96124420612275.922 53131400425791.516 16577869248948.352
62.0 -45.0 6767034.994 -974068.421 -2385501.296 5632079.939 -6605850.536 2985107.216 0.221 -0.547 0.715 24.961 12.489 8.331 79495684929609.484 45512601585047.531 15243133675350.445
61.0 -45.0 5959439.881 -647563.676 -1986959.463 5524397.569 -6199618.558 3025721.818 0.238 -0.533 0.685 25.010 12.497 8.325 66105881442903.555 38971871082412.297 13461226140106.777
60.0 -45.0 5963779.086 -893634.229 -3170831.899 4542668.334 -5683132.604 1064594.244 0.207 -0.550 0.897 24.877 12.482 8.406 56732687312738.180 33209634202696.648 11252873784280.322
59.0 -45.0 4285956.837 -846385.637 -1513816.734 5017706.942 -4934159.451 2649504.165 0.275 -0.554 0.665 25.143 12.478 8.315 43691222467201.125 25237169123845.859 9567254776517.039
58.0 -45.0 4833584.577 -708800.540 -2825909.959 3505233.659 -4662844.562 875470.098 0.200 -0.548 0.904 24.844 12.482 8.409 35968982426783.305 22330244044832.949 8761902782181.855
57.0 -45.0 3755926.415 -133872.258 -1880877.029 3065463.729 -4116218.498 2009450.562 0.218 -0.510 0.740 24.948 12.515 8.336 24952879288572.859 17291505045405.400 8116272796128.680
56.0 -45.0 3385362.365 -830329.364 -1107553.237 2817854.048 -3521918.909 2144758.552 0.221 -0.574 0.652 24.932 12.460 8.313 19441970533330.871 13572492481122.697 6123631682669.591
55.0 -45.0 2876330.083 -634851.776 -1349879.981 2225804.539 -3060879.873 2068803.649 0.210 -0.565 0.684 24.911 12.447 8.322 13262396926856.744 10595731368340.195 6112613644948.620
54.0 -45.0 2490183.186 -608156.660 -878669.064 1960098.076 -2626165.129 1682799.499 0.212 -0.573 0.653 24.898 12.458 8.313 10079501452266.879 7633676696107.966 3857327843923.515
53.0 -45.0 1971069.468 268908.374 -1627643.414 1701098.193 -2370544.209 1016572.774 0.227 -0.464 0.822 24.891 12.551 8.368 7111428526329.649 5872628815269.964 3700439653335.748
52.0 -45.0 1158372.713 -395763.500 -610799.183 1879533.101 -1703616.638 1138100.909 0.324 -0.573 0.657 25.293 12.454 8.302 4815184400460.273 3228995630875.550 1830792798460.197
51.0 -45.0 1018990.579 -125169.477 -364915.219 1394044.552 -1547651.046 1209461.287 0.299 -0.526 0.593 25.245 12.481 8.297 2945442809135.677 2416950213689.932 1601562119410.375
50.0 -45.0 574498.783 287682.428 -473370.507 1059235.237 -1185019.379 953538.404 0.342 -0.424 0.647 25.322 12.563 8.299 1380042339415.569 1494303246813.183 1145277491027.073
49.0 -45.0 1133603.115 -315504.457 -818471.655 470875.814 -913247.660 -54726.048 0.125 -0.606 -0.979 24.569 12.433 8.435 1292807712623.860 935600716527.831 766716377554.226
48.0 -45.0 878498.394 -242353.491 -624578.050 336106.193 -657875.638 -51365.836 0.116 -0.612 -0.974 24.542 12.428 8.435 719363281788.216 492353910512.688 465921536536.740
47.0 -45.0 -999.000 -999.000 -999.000 -999.000 -999.000 -999.000 -999.000 -999.000 -999.000 -999.000 -999.000 -999.000 -999.000 -999.000 -999.000
46.0 -45.0 -999.000 -999.000 -999.000 -999.000 -999.000 -999.000 -999.000 -999.000 -999.000 -999.000 -999.000 -999.000 -999.000 -999.000 -999.000
90.0 -40.0 10151592.728 22729465.743 -2795170.433 -48547934.615 9525453.600 2757834.301 -0.434 0.126 0.752 25.047 12.521 8.364 2465595508220930.000 608929601176444.500 15646851415219.498
89.0 -40.0 9577369.383 22319927.074 -2918806.151 -47454155.841 9595985.118 3048106.622 -0.437 0.129 0.743 25.040 12.522 8.358 2348693791695719.000 591219351572958.500 17854455311469.172
88.0 -40.0 9412744.203 21810345.603 -3406321.700 -46002579.967 9743925.814 3347263.208 -0.436 0.134 0.753 25.051 12.527 8.364 2208787297668916.750 571769618808818.625 22824327381516.945
87.0 -40.0 9462066.014 21806837.109 -3136096.854 -44866889.574 9234419.349 3278977.372 -0.434 0.127 0.743 25.053 12.522 8.365 2105710931707516.500 561839902693074.188 22079970793944.547
86.0 -40.0 9246629.847 21702047.460 -3165526.078 -43536075.120 8800904.935 3821883.137 -0.433 0.123 0.720 25.056 12.519 8.355 1983927396301639.500 549837160762269.562 24643168362457.891
85.0 -40.0 8777502.609 21227411.638 -4276147.960 -42147948.382 8796796.026 2904570.150 -0.435 0.125 0.810 25.053 12.521 8.398 1856071022410095.750 528589342160835.312 26850357439199.070
84.0 -40.0 8396576.226 21080675.448 -3259703.561 -41347193.957 8485645.640 3980090.451 -0.436 0.122 0.718 25.042 12.518 8.354 1783947509356183.500 518007675233539.688 26746690592372.773
83.0 -40.0 8437383.352 20728315.417 -3303924.434 -39851751.722 8240249.115 4366260.138 -0.434 0.120 0.706 25.056 12.518 8.351 1661909918112199.750 498919967263358.062 30091382853425.254
82.0 -40.0 7960588.401 20182351.758 -3539534.000 -38789768.300 8718362.339 4455320.516 -0.436 0.130 0.714 25.051 12.524 8.349 1570715494917329.000 485029258497718.625 33439142371038.836
81.0 -40.0 7749189.544 19829341.083 -3313558.066 -37627126.709 8362093.856 4521703.443 -0.435 0.127 0.701 25.046 12.524 8.350 1479816378912534.000 463701896097637.938 32268246987174.875
80.0 -40.0 7312764.579 19613059.976 -3418800.580 -36392371.041 7638341.218 4604457.487 -0.437 0.118 0.703 25.040 12.516 8.350 1380860644725327.500 444548782788742.562 33169659634584.199
79.0 -40.0 7169413.568 18975949.860 -3426547.389 -34824184.505 7724630.133 4996665.732 -0.435 0.123 0.691 25.053 12.521 8.346 1267477272321758.500 420349348377974.562 36963195724984.320
78.0 -40.0 6761313.060 18766631.207 -3470585.694 -33912097.374 7212300.742 4835724.329 -0.437 0.117 0.698 25.038 12.515 8.348 1198249932090215.750 405647907234296.688 35712903056702.320
77.0 -40.0 6453660.977 18321511.559 -3476550.827 -32677478.737 6990858.406 4942660.224 -0.438 0.116 0.695 25.036 12.515 8.347 1111672404249194.625 385945836827650.312 36773300117443.000
76.0 -40.0 6350362.813 17692687.504 -3400862.143 -31422028.037 7281487.041 5088197.724 -0.437 0.124 0.688 25.042 12.522 8.345 1030416127242853.750 366629124086040.250 38366974721734.227
75.0 -40.0 5736011.334 16931823.645 -3996571.015 -29999886.799 7130251.428 5134505.912 -0.440 0.127 0.711 25.042 12.524 8.355 935061680120492.500 339419839570786.500 42441459758983.234
74.0 -40.0 5673561.147 16879791.286 -3446073.817 -28953587.405 6338908.985 5159817.591 -0.438 0.114 0.687 25.035 12.514 8.345 872394845817452.875 326341532929955.000 38794379784278.406
73.0 -40.0 5185025.594 15946121.767 -3976214.235 -27543028.415 6655217.739 5220739.363 -0.441 0.126 0.707 25.040 12.523 8.354 787465719166104.875 300468995713751.938 43218835840530.641
72.0 -40.0 5339897.645 15682478.500 -3550815.926 -26374258.222 6079028.607 5137540.110 -0.436 0.118 0.693 25.048 12.517 8.348 725111326713673.750 283770404717514.688 40633373237279.273
71.0 -40.0 4471744.008 15174261.651 -3358534.539 -25417454.226 5899364.931 5293092.777 -0.445 0.118 0.680 25.014 12.515 8.342 666664045070036.625 265679295295124.875 39407724518686.453
70.0 -40.0 4705784.202 14647459.516 -3622692.599 -24008848.204 6009540.887 5346111.124 -0.438 0.124 0.690 25.045 12.521 8.344 599540125173470.500 252217807446630.562 42818710721432.727
69.0 -40.0 4470294.723 14081757.677 -3834166.846 -22462520.481 5312516.247 4652361.041 -0.437 0.115 0.719 25.048 12.516 8.367 525236659525860.000 226934719826488.375 38885213960735.352
68.0 -40.0 4284593.374 13549572.779 -3193463.666 -21706300.493 5392926.828 5231064.063 -0.438 0.121 0.674 25.037 12.521 8.342 490826238039888.250 213098466249708.219 38622248835800.070
67.0 -40.0 3872518.999 13131612.949 -3121806.865 -20552286.434 4678021.003 5177131.277 -0.441 0.109 0.673 25.026 12.511 8.341 438671310077578.438 195208702765866.594 36816245376069.352
66.0 -40.0 3188657.120 12387956.622 -3056183.190 -19509023.480 4715801.697 5132111.812 -0.448 0.116 0.671 25.001 12.514 8.340 391741534255455.812 176132392090813.969 35752915187074.258
65.0 -40.0 3213065.140 11572683.694 -3530163.100 -18063865.880 4726769.704 5038353.083 -0.444 0.123 0.694 25.035 12.523 8.352 337917459634353.625 158333754374021.312 38161958669910.555
64.0 -40.0 3246693.109 11243069.979 -3463731.431 -16715083.083 4096873.614 4362464.462 -0.439 0.111 0.714 25.045 12.514 8.366 290403313151910.938 143441872137889.406 33484783995800.195
63.0 -40.0 3119935.180 10611808.186 -2811032.172 -15699930.847 3983487.399 5013335.181 -0.438 0.114 0.663 25.053 12.518 8.339 257645106663129.406 128695746215661.828 33324963157231.512
62.0 -40.0 3028099.702 10195006.590 -2586240.452 -14693847.239 3486323.735 4895164.378 -0.435 0.105 0.655 25.058 12.510 8.337 225389883116002.969 116700690333112.078 30896197126181.000
61.0 -40.0 2621883.351 9481727.949 -2860554.472 -13809230.519 3850356.153 4719139.185 -0.440 0.123 0.673 25.044 12.522 8.339 197858173288437.281 105953029936847.000 31170257176129.449
60.0 -40.0 2608509.861 9008683.585 -2352631.389 -12610102.958 3020913.326 4595076.550 -0.435 0.103 0.651 25.060 12.509 8.336 166069089974126.219 90886170896683.203 26912968338481.035
59.0 -40.0 2336046.880 8274203.998 -2590174.083 -11726481.684 2970381.492 4104333.061 -0.437 0.110 0.679 25.047 12.514 8.345 143256557332642.219 77770650928640.125 25082478081893.301
58.0 -40.0 1724696.453 7448298.707 -2935311.127 -10687416.276 3088764.710 3982871.525 -0.449 0.125 0.702 25.026 12.526 8.355 118470137454074.172 67078277993641.383 24514189842959.586
57.0 -40.0 1859625.382 7121187.672 -2075189.594 -9949664.001 2884165.262 3909739.050 -0.441 0.122 0.655 25.022 12.527 8.336 102907683862714.359 59108677167585.266 20502561333920.645
56.0 -40.0 1782290.214 6525391.488 -2040001.462 -8873953.576 2295839.449 3664090.563 -0.437 0.108 0.662 25.048 12.513 8.338 82138542948405.359 48309568035882.688 18567002318564.625
55.0 -40.0 2071902.911 5902235.280 -2036751.267 -7942559.845 2113602.041 3425841.341 -0.419 0.109 0.671 25.114 12.513 8.338 68347765482674.180 39783483094664.516 16368301527452.252
54.0 -40.0 1866679.202 5347341.652 -1896439.980 -7098602.378 1903406.239 3198332.404 -0.418 0.109 0.670 25.117 12.513 8.337 54752668561130.734 32762091123907.086 14318703909316.723
53.0 -40.0 1144142.662 4870208.852 -2769404.266 -6039652.326 1632624.374 2111683.621 -0.440 0.103 0.793 25.049 12.513 8.401 37945073753196.750 26436087878062.332 12144168035985.516
52.0 -40.0 1544925.512 4271266.168 -1607169.324 -5498986.354 1508238.109 2710300.432 -0.413 0.108 0.670 25.135 12.513 8.337 33432862463898.027 21211101878783.926 10416047273775.916
51.0 -40.0 609833.453 3545622.223 -1895196.823 -4734601.246 1640600.821 2401340.890 -0.459 0.138 0.713 25.014 12.546 8.359 23640839729102.930 16845051696234.057 9400074338937.193
50.0 -40.0 1193906.237 3248367.717 -1262708.440 -4075584.930 1144000.834 2219122.340 -0.409 0.108 0.665 25.146 12.515 8.333 18660254623321.871 12594454068853.010 6964704449661.123
49.0 -40.0 615071.472 2839849.707 -572271.072 -3632021.684 1349404.324 2222151.953 -0.447 0.141 0.580 24.988 12.550 8.308 13698939941554.293 9945066430627.676 5354276752021.797
48.0 -40.0 406875.553 2386905.233 -390134.840 -3052480.700 1190438.390 1972465.750 -0.458 0.147 0.562 24.951 12.557 8.302 9517918853247.125 7172768274497.246 4074754246628.891
47.0 -40.0 437375.505 2044284.399 -631820.274 -2354321.676 840100.723 1769824.601 -0.442 0.124 0.609 25.076 12.526 8.317 5748489216766.671 5299534199764.824 3551497410068.542
46.0 -40.0 109114.614 1604786.412 -346843.981 -2051742.293 696387.164 1235530.768 -0.483 0.130 0.587 24.808 12.537 8.311 4269579908699.836 3077633513050.375 1655172700219.290
45.0 -40.0 962222.146 1186700.194 -596648.271 -746709.447 517626.972 946814.466 -0.210 0.131 0.679 25.978 12.572 8.349 1639256156793.422 1736648306987.180 1282912782146.990
44.0 -40.0 392189.625 1007420.664 -852567.468 -927655.875 -177559.158 412752.512 -0.373 -0.056 0.856 25.402 12.403 8.382 911731365247.577 1051601443376.857 1006960401722.293
43.0 -40.0 -143372.702 599749.301 -399958.135 -530477.242 334503.987 462036.938 -0.584 0.162 0.727 24.666 12.617 8.362 287715850165.201 470901651577.917 376183143488.135
42.0 -40.0 71980.243 430555.499 -999.000 -511022.801 331154.241 -999.000 -0.455 0.209 -999.000 24.896 12.613 -999.000 268754140528.940 296509646024.332 -999.000
41.0 -40.0 -999.000 -999.000 -999.000 -999.000 -999.000 -999.000 -999.000 -999.000 -999.000 -999.000 -999.000 -999.000 -999.000 -999.000 -999.000
90.0 -35.0 50806355.728 -25411106.835 -999.000 6659335.412 -2444661.119 -999.000 0.041 -0.969 -999.000 24.911 12.423 -999.000 2630672755159961.500 653417842532548.875 -999.000
89.0 -35.0 49660142.047 -25088842.184 -999.000 6588637.246 -2613581.449 -999.000 0.042 -0.967 -999.000 24.911 12.425 -999.000 2517310441048431.500 637595554724077.000 -999.000
88.0 -35.0 48600059.499 -24814410.766 -999.000 6467809.636 -2704908.345 -999.000 0.042 -0.965 -999.000 24.911 12.426 -999.000 2411273464671850.500 624401547170308.125 -999.000
87.0 -35.0 47637335.787 -24552445.305 -999.000 7021121.264 -2836199.108 -999.000 0.047 -0.963 -999.000 24.933 12.428 -999.000 2319691313196223.000 611445845367547.625 -999.000
86.0 -35.0 46553559.855 -24249979.985 -999.000 6873545.678 -2924077.125 -999.000 0.047 -0.962 -999.000 24.933 12.428 -999.000 2215523067435471.500 597026300408365.625 -999.000
85.0 -35.0 45255788.220 -23945172.449 -999.000 6111669.073 -3062905.337 -999.000 0.043 -0.960 -999.000 24.918 12.431 -999.000 2089270445473034.750 583931272971227.500 -999.000
84.0 -35.0 44286476.349 -23800218.080 -999.000 6277062.864 -3154629.815 -999.000 0.045 -0.958 -999.000 24.922 12.431 -999.000 2002521169113549.500 576549583419639.375 -999.000
83.0 -35.0 43171608.932 -23136755.878 -999.000 5562012.244 -2899681.154 -999.000 0.041 -0.960 -999.000 24.909 12.426 -999.000 1897598400737586.750 545100819563604.000 -999.000
82.0 -35.0 42040574.688 -23045619.296 -999.000 6064950.396 -3320588.570 -999.000 0.046 -0.954 -999.000 24.924 12.433 -999.000 1805719987595070.250 542640307917002.875 -999.000
81.0 -35.0 40768800.984 -22464747.347 -999.000 5692517.761 -3347097.281 -999.000 0.044 -0.953 -999.000 24.922 12.435 -999.000 1697293390454441.250 517561620684267.188 -999.000
80.0 -35.0 39822324.579 -22187637.146 -999.000 5110192.654 -3198068.671 -999.000 0.041 -0.954 -999.000 24.904 12.431 -999.000 1614431299645364.000 502561458654397.750 -999.000
79.0 -35.0 38636966.699 -21677473.426 -999.000 5546727.669 -3314127.115 -999.000 0.045 -0.952 -999.000 24.920 12.433 -999.000 1526055796280037.000 481825038783582.812 -999.000
78.0 -35.0 37450313.908 -21107626.742 6604008.232 5065758.413 -3146959.362 -1722426.726 0.043 -0.953 -0.081 24.914 12.430 8.252 1430078843593317.500 456210484155884.938 47009311814676.609
77.0 -35.0 36353135.515 -20853271.841 6655950.065 4772559.950 -3324745.344 -1451134.024 0.042 -0.950 -0.068 24.906 12.433 8.253 1346333717676197.000 446367954643330.562 46414603649638.922
76.0 -35.0 35336978.572 -20477867.715 6612815.216 5177763.235 -3735533.082 -1629458.296 0.046 -0.943 -0.077 24.929 12.439 8.248 1276297384302700.500 434959483268632.938 46358644965898.367
75.0 -35.0 33893479.920 -19794903.800 6522322.594 5045851.175 -3322690.327 -851186.969 0.047 -0.947 -0.041 24.921 12.436 8.264 1178546479188187.250 404903159247005.625 43643530864882.852
74.0 -35.0 32958265.222 -19433580.955 6621417.196 4178165.260 -3655164.198 -1177400.941 0.040 -0.941 -0.056 24.893 12.439 8.256 1106297019343400.500 391855325552636.500 45306453239183.969
73.0 -35.0 31708313.026 -18926057.099 6820046.128 4218128.014 -3341626.088 -753973.986 0.042 -0.944 -0.035 24.906 12.436 8.261 1024676430122464.125 370111663928086.750 47384777320427.414
72.0 -35.0 30481842.287 -18201992.764 6899100.969 4236878.889 -3216234.365 -939175.484 0.044 -0.944 -0.043 24.916 12.434 8.259 948194364101295.875 342535607301535.062 48990242993673.000
71.0 -35.0 29230243.349 -17765428.435 6589325.925 4522793.928 -3334981.800 -81988.759 0.049 -0.941 -0.004 24.925 12.439 8.275 878400105100011.125 328884315300647.750 44522218023383.086
70.0 -35.0 28187928.351 -17218407.615 6513055.958 4849271.028 -3449801.509 -211354.679 0.054 -0.937 -0.010 24.955 12.443 8.270 819062960232093.750 308982607545149.438 42642870774548.336
69.0 -35.0 27110004.953 -16775505.641 6871633.584 4074053.881 -3415023.655 -156588.827 0.047 -0.936 -0.007 24.933 12.441 8.268 752028777531961.250 293851552239342.000 47380317022508.562
68.0 -35.0 26058350.758 -16294147.343 6675803.099 4065214.421 -3725308.213 -368206.115 0.049 -0.928 -0.018 24.938 12.447 8.264 695565707677867.625 280782199655747.438 44749474748512.148
67.0 -35.0 24732444.970 -15560827.339 6381810.880 4438549.354 -3356248.136 239937.048 0.057 -0.932 0.012 24.962 12.445 8.276 632268337311202.875 253798087713012.812 41037288096775.391
66.0 -35.0 23607040.202 -15063672.742 6394054.840 3705648.883 -3238735.579 463022.250 0.050 -0.933 0.023 24.927 12.443 8.277 571828659329797.375 238085259368886.875 41313860336662.555
65.0 -35.0 22339124.461 -14474638.656 6487659.748 3425390.914 -3250393.649 299094.218 0.048 -0.930 0.015 24.933 12.448 8.271 512694802660937.562 221111516969587.312 42574394094330.531
64.0 -35.0 21217118.853 -13891158.311 6372123.833 3296293.109 -3186559.561 412995.637 0.049 -0.928 0.021 24.935 12.449 8.273 462823061937850.062 204047230554056.781 41231134466598.883
63.0 -35.0 20238464.246 -13257766.102 5996572.069 3845460.896 -3076440.339 773600.551 0.060 -0.927 0.041 24.972 12.448 8.284 425100477502411.562 185419943147528.062 36843044759857.008
62.0 -35.0 19132632.765 -12587088.210 6318774.539 2718393.360 -2712693.491 353830.903 0.045 -0.932 0.018 24.916 12.439 8.272 373871267184404.875 166634816451428.188 40297538325614.797
61.0 -35.0 18085133.059 -12133170.957 5796846.520 2932326.621 -2908895.972 1029408.259 0.051 -0.925 0.056 24.929 12.447 8.286 336184182023033.812 155953494663246.594 35064634538311.566
60.0 -35.0 17179606.198 -11603458.743 5832017.493 2848669.911 -3197825.882 642412.801 0.052 -0.914 0.035 24.948 12.454 8.277 303614927267293.312 146232065258110.094 34449758657418.844
59.0 -35.0 15946710.546 -10804289.008 5873052.220 2259487.441 -2453355.641 610913.626 0.045 -0.929 0.033 24.914 12.440 8.275 259712129753976.594 123655309003314.750 35037294527588.574
58.0 -35.0 14974883.313 -10419295.862 5392851.889 1982884.935 -2506046.919 1160081.773 0.042 -0.925 0.067 24.895 12.445 8.287 228542525988625.844 115198924603833.484 30728772722368.020
57.0 -35.0 13807941.522 -9717003.383 5086418.357 2407670.992 -2378227.242 1668005.972 0.055 -0.924 0.101 24.932 12.449 8.305 198868060337827.656 102040922718139.375 29404278574065.781
56.0 -35.0 12935283.165 -9151235.720 4885702.184 2183976.091 -2409913.161 1374373.744 0.053 -0.918 0.087 24.931 12.450 8.294 172422085911260.562 89763574422479.359 26193346774575.035
55.0 -35.0 11925316.609 -8648169.945 4823144.209 2235690.946 -2478166.417 1616236.276 0.059 -0.911 0.103 24.957 12.457 8.297 147395338784903.281 81160514470143.375 26556731463145.488
54.0 -35.0 10986546.620 -8058793.699 4574398.689 2088408.901 -2358870.632 1636648.339 0.060 -0.909 0.109 24.959 12.458 8.299 125224588872169.375 70722598562676.969 24342105207724.879
53.0 -35.0 10151237.513 -7468761.675 4309012.148 1247622.948 -1941497.130 1269528.841 0.039 -0.919 0.091 24.879 12.446 8.292 104734630405384.969 59844594287421.734 20360157191670.301
52.0 -35.0 9217757.627 -6750370.555 3872973.575 2214083.615 -1925504.916 1445540.444 0.075 -0.912 0.114 25.023 12.457 8.305 89928029503176.031 49561325796997.977 17202276199209.387
51.0 -35.0 8358175.495 -6245301.606 3704059.480 1456345.481 -1787254.820 1441814.224 0.055 -0.911 0.118 24.930 12.453 8.303 72200671210659.969 42409156877112.297 16139959727816.957
50.0 -35.0 7594515.360 -5749303.243 3457218.222 1346213.381 -1564495.946 1527241.428 0.056 -0.915 0.132 24.967 12.446 8.303 60116807813329.477 35631084091543.062 15162994720012.445
49.0 -35.0 6765517.435 -5225182.277 3273770.372 645052.270 -1399118.038 1179232.551 0.030 -0.917 0.110 24.845 12.444 8.296 46307564975827.648 29517496722183.621 12239495326913.348
48.0 -35.0 5826702.614 -4586169.366 3053968.207 989158.345 -1619456.830 935643.796 0.053 -0.892 0.095 24.955 12.473 8.285 36155057936087.109 23902203475996.453 10623388300678.061
47.0 -35.0 5209569.377 -3991798.343 3052394.236 593614.555 -969827.324 780510.279 0.036 -0.924 0.080 24.881 12.428 8.283 27528294874959.449 17540382952858.215 9969450392914.531
46.0 -35.0 4559026.535 -3681221.302 2458309.539 258786.570 -978723.838 996281.493 0.018 -0.917 0.123 24.800 12.439 8.299 21030102757248.910 14750081164787.570 7198652775378.164
45.0 -35.0 3844855.675 -3211515.245 2301758.861 906504.738 -1134782.995 1005386.564 0.074 -0.892 0.131 25.000 12.465 8.299 15727576036390.746 11663938042012.775 6624266599231.586
44.0 -35.0 3237326.188 -2766592.660 1978714.729 758305.074 -961861.045 976518.361 0.073 -0.893 0.146 24.997 12.463 8.303 11199036603678.492 8628032699188.522 5242269842872.734
43.0 -35.0 2961340.202 -2279983.888 1227177.357 11534.973 -870012.080 1710039.906 0.001 -0.884 0.302 24.647 12.455 8.375 8265598983956.764 6012476075063.113 4447443259212.382
42.0 -35.0 2461173.087 -1877396.410 1053249.505 -54920.081 -735804.624 1511691.900 -0.007 -0.881 0.306 24.605 12.453 8.376 5511994590472.113 4117251574145.801 3415165800123.109
41.0 -35.0 1732487.645 -1371118.202 839619.026 -34314.061 -685172.330 976851.513 -0.006 -0.852 0.274 24.688 12.477 8.350 3060450994742.480 2355020648701.763 1695388767641.586
40.0 -35.0 1464453.603 -1359530.446 1005842.472 60440.492 -192501.824 -114428.355 0.013 -0.955 -0.036 24.920 12.410 8.236 2153312973012.363 1888007704998.191 982618273133.148
39.0 -35.0 825159.689 -811029.109 789534.150 -60055.163 -204554.529 33755.854 -0.023 -0.921 0.014 24.604 12.391 8.252 788258875231.328 805044295677.022 625199411145.629
38.0 -35.0 530193.350 -652925.407 501865.368 200402.996 -593.771 164306.088 0.115 -0.708 0.101 24.895 12.294 8.270 324527471004.685 380665225630.178 324217376992.814
37.0 -35.0 -999.000 -999.000 -999.000 -999.000 -999.000 -999.000 -999.000 -999.000 -999.000 -999.000 -999.000 -999.000 -999.000 -999.000 -999.000
36.0 -35.0 -999.000 -999.000 -999.000 -999.000 -999.000 -999.000 -999.000 -999.000 -999.000 -999.000 -999.000 -999.000 -999.000 -999.000 -999.000
90.0 -30.0 -18489028.145 19834483.137 3479141.824 49907326.081 17115421.581 -2762803.777 0.613 0.227 -0.214 25.056 12.529 8.324 2841268988024526.500 688898553839171.375 19845921488396.551
89.0 -30.0 -18296885.538 20107033.433 4335387.156 48753664.815 16734897.390 -1543614.498 0.614 0.221 -0.109 25.067 12.524 8.367 2715931074961203.000 685431236792041.125 21268835923786.289
88.0 -30.0 -17675110.266 19840613.324 -999.000 48105133.695 16933321.810 -999.000 0.612 0.225 -999.000 25.055 12.528 -999.000 2632489236627682.000 682106521537606.500 -999.000
87.0 -30.0 -17028243.584 19850819.184 4821103.744 47234229.687 16476928.957 -1501637.426 0.610 0.221 -0.096 25.053 12.526 8.369 2525099820580583.000 665916788455494.750 25549729731294.512
86.0 -30.0 -16931422.527 19529399.111 4687934.862 46383161.507 16572926.988 -1633740.446 0.611 0.224 -0.107 25.053 12.528 8.370 2443591219831098.000 657657386828258.250 24842592360684.191
85.0 -30.0 -16243448.878 19715096.643 4795961.444 45747886.299 15722952.977 -1863879.958 0.609 0.214 -0.118 25.046 12.521 8.362 2361841428960383.000 637207322446290.500 26653964300420.797
84.0 -30.0 -15997474.966 19384918.414 5194039.771 44675914.269 15586583.684 -1831179.905 0.609 0.216 -0.108 25.050 12.522 8.367 2257381738297564.500 620007550544858.250 30479691315048.590
83.0 -30.0 -15916773.178 19135262.023 5190723.910 43990183.900 15392318.285 -2772252.667 0.611 0.216 -0.156 25.053 12.522 8.350 2194038421373722.250 603837745200101.875 34700666150066.570
82.0 -30.0 -15422824.790 18825237.168 5017484.557 42996312.750 15300281.860 -2155366.492 0.610 0.217 -0.129 25.049 12.524 8.359 2089779541473855.250 589042477328349.625 30318417937683.703
81.0 -30.0 -15139810.747 18694274.782 5373614.765 42125661.604 14944748.999 -2944719.524 0.610 0.215 -0.160 25.051 12.522 8.349 2008829996341575.500 573563558882815.375 37614418342220.070
80.0 -30.0 -14533784.323 18488520.837 5579938.343 40916984.006 14687051.733 -2163101.888 0.609 0.214 -0.118 25.048 12.521 8.365 1890046878616813.000 558827146215111.750 35897295386611.430
79.0 -30.0 -14690353.844 18156567.507 5344374.496 39648518.764 14624269.537 -2576071.328 0.613 0.216 -0.143 25.065 12.521 8.358 1790828222254429.500 544852488191739.812 35247677475500.016
78.0 -30.0 -13757165.268 17887719.392 5640857.046 38855353.138 14467795.821 -2438670.641 0.608 0.216 -0.130 25.050 12.524 8.361 1701841387709965.000 529930432803804.000 37909567295407.305
77.0 -30.0 -13941234.493 17614946.102 5467935.307 37689026.920 14106822.729 -2750201.021 0.613 0.215 -0.148 25.065 12.521 8.357 1617587150983960.000 510589834278638.625 37504937001884.062
76.0 -30.0 -13153677.475 17278670.979 5440152.714 37187701.297 13782422.181 -2694447.483 0.608 0.214 -0.146 25.045 12.523 8.355 1558371355507651.750 489089174372692.688 37327326134183.859
75.0 -30.0 -13064218.969 16582923.230 5277163.041 36014178.317 13895468.252 -3207312.667 0.611 0.222 -0.174 25.051 12.527 8.343 1472565929575439.750 470967232044950.812 40046491248883.078
74.0 -30.0 -12244123.915 16811554.009 5682571.724 35002426.280 13061387.639 -3013293.191 0.607 0.210 -0.155 25.044 12.519 8.354 1378357556838554.750 454469739253994.938 41992801060870.094
73.0 -30.0 -12095971.803 16258388.282 5348090.771 33891663.365 13362742.019 -3109876.341 0.609 0.219 -0.168 25.048 12.525 8.352 1297897444618685.000 444553559016886.688 39318344873292.922
72.0 -30.0 -11748158.198 16104904.834 5777843.406 33210989.164 12491653.306 -3636185.566 0.608 0.210 -0.179 25.047 12.519 8.345 1244158594425330.500 416098986096147.688 46776912909226.195
71.0 -30.0 -11108627.242 15726967.401 5829756.843 31808516.110 12460837.588 -3019204.066 0.607 0.213 -0.152 25.047 12.523 8.355 1137226308596861.250 403270877027299.688 43273033320045.031
70.0 -30.0 -10625064.280 15596067.917 5691520.418 31078972.953 11790244.407 -2999065.662 0.605 0.206 -0.154 25.037 12.517 8.353 1080810715134445.250 383297599616680.375 41725604362818.648
69.0 -30.0 -9887084.587 15031004.342 5339575.602 29968298.708 11589334.224 -3541476.783 0.601 0.209 -0.186 25.024 12.518 8.345 996439753982460.375 360965551439335.938 41138944874702.703
68.0 -30.0 -10242158.631 15023988.026 5659622.778 28662472.191 10983567.550 -3352412.404 0.609 0.201 -0.170 25.056 12.513 8.350 928247893014280.750 348118778840905.000 43530319173690.219
67.0 -30.0 -10038046.820 13810379.898 5299199.974 27835684.732 11432518.826 -3699185.721 0.610 0.220 -0.194 25.049 12.527 8.337 878748941428835.250 324306978709347.000 43207075640762.062
66.0 -30.0 -8752627.852 13872133.355 5233392.244 26876797.452 10619699.719 -3650865.192 0.600 0.208 -0.194 25.020 12.518 8.343 799236176236914.500 305845101756655.125 40860669146130.148
65.0 -30.0 -8843960.129 13445247.049 5735667.964 25627512.131 10574085.773 -3178765.683 0.606 0.212 -0.161 25.045 12.523 8.353 736472804216011.625 293061151236206.750 43230920383428.602
64.0 -30.0 -8620344.738 13018019.259 5423602.667 24908455.149 10051593.150 -3249288.621 0.606 0.209 -0.172 25.040 12.521 8.348 696004033215521.750 270869668629321.844 40324722400299.242
63.0 -30.0 -8219708.045 12615563.889 5365061.940 23898645.360 9687179.108 -3249817.986 0.605 0.208 -0.173 25.038 12.520 8.348 639880739930435.625 253347047510086.469 39681490651930.172
62.0 -30.0 -7276884.394 12242120.740 5004038.417 22771121.151 9258863.859 -3684277.310 0.598 0.206 -0.202 25.014 12.517 8.341 571533493799738.875 236160113446682.594 38766317980907.648
61.0 -30.0 -7222198.249 12025194.506 5356279.039 21862973.709 8795297.234 -3133022.463 0.602 0.201 -0.168 25.028 12.515 8.350 530823910883750.500 222674293696664.531 38828034407193.875
60.0 -30.0 -6843053.737 11603978.562 5284243.011 20858347.862 8439049.409 -3110822.975 0.601 0.200 -0.169 25.026 12.514 8.349 482430484825599.250 206566286479844.438 37927166187131.227
59.0 -30.0 -6649207.956 10905116.314 5305132.492 19531513.437 8514486.358 -3146015.775 0.604 0.211 -0.170 25.044 12.523 8.351 426739041433412.750 191721219645188.531 38301179092291.070
58.0 -30.0 -6107834.344 10710426.131 5097720.364 18871073.934 7729111.666 -3016959.689 0.600 0.199 -0.170 25.022 12.514 8.349 393713424057774.938 175137596520774.031 35434085680310.219
57.0 -30.0 -6065963.589 10004666.576 4836287.780 17875438.113 7588925.464 -3126402.354 0.604 0.207 -0.183 25.035 12.520 8.345 357137810637808.250 157902976126631.188 33493065966922.898
56.0 -30.0 -5834482.631 9945000.485 4855596.324 16535213.262 6886740.062 -3186574.311 0.608 0.193 -0.185 25.058 12.509 8.347 308265275762973.188 147437059889122.594 33901744407601.746
55.0 -30.0 -5486825.857 9491327.153 4732037.556 15581433.185 6532611.910 -3127196.743 0.608 0.192 -0.186 25.058 12.509 8.347 273635983351251.062 133821070667083.781 32346024051316.824
54.0 -30.0 -5113572.014 8752847.141 4782345.828 15094690.962 6383649.107 -3372587.468 0.604 0.201 -0.196 25.037 12.516 8.343 254771442055841.656 117595697296826.297 34468628279156.289
53.0 -30.0 -4826894.444 8514064.763 4450757.536 13700563.971 5901917.951 -2981722.614 0.608 0.193 -0.188 25.060 12.510 8.347 211621252584676.094 108300271617063.656 28880079479531.742
52.0 -30.0 -3777139.337 7806013.086 3818585.535 13015478.308 5695623.403 -3251402.702 0.590 0.201 -0.225 24.985 12.514 8.336 184069350870653.812 94021754354671.094 25345851381217.422
51.0 -30.0 -3995218.747 7286770.047 4258692.024 11914650.974 5671265.987 -2660862.632 0.603 0.211 -0.178 25.044 12.526 8.349 158757525391137.625 85425727408473.703 25451606452483.336
50.0 -30.0 -3668712.370 6834125.236 4092637.770 11042398.240 5318203.073 -2564956.002 0.602 0.210 -0.178 25.042 12.526 8.349 136236609793541.656 75148380283319.281 23559103587197.031
49.0 -30.0 -3370179.501 6380458.446 3923855.335 10181885.538 4980611.059 -2467011.734 0.602 0.211 -0.179 25.042 12.527 8.349 115860021310568.266 65654246150471.039 21708674663954.648
48.0 -30.0 -3081434.511 5927428.260 3745987.735 9344687.779 4641063.319 -2353233.267 0.601 0.211 -0.179 25.042 12.528 8.350 97630503421877.984 56815311419048.953 19788423836297.957
47.0 -30.0 -2763050.936 5583283.951 3558527.572 8684503.727 3929098.348 -2217262.552 0.598 0.195 -0.177 25.021 12.513 8.351 83470562101082.250 47144675388471.094 18044147724351.098
46.0 -30.0 -2026438.549 5042581.735 2703456.466 7916155.287 3689541.654 -2618917.408 0.580 0.201 -0.245 24.944 12.516 8.331 67485623856239.609 40005464738156.234 14394166736567.869
45.0 -30.0 -1770724.640 4644443.590 2488002.977 7149656.489 3309257.731 -2489413.696 0.577 0.197 -0.250 24.933 12.512 8.330 54976279613772.430 33478232814063.812 12611158577357.375
44.0 -30.0 -1632747.632 4212461.804 2266812.089 6382199.477 2993473.831 -2351232.218 0.580 0.197 -0.256 24.939 12.512 8.328 44139194708895.984 27665642968760.648 10926458806614.666
43.0 -30.0 -1393354.050 3790904.873 2040173.279 5673192.026 2687125.126 -2213141.095 0.577 0.196 -0.263 24.924 12.512 8.327 34832268503170.625 22580563230327.289 9354993917441.578
42.0 -30.0 -1823254.709 3188064.935 2455642.579 4804220.050 2902212.509 -1644660.772 0.615 0.235 -0.188 25.102 12.545 8.349 26517545459553.352 18621278488931.117 8865625705178.752
41.0 -30.0 -1323500.819 2892869.319 2454516.729 4195645.208 2483931.057 -1207455.826 0.597 0.226 -0.146 25.046 12.546 8.360 19854200751442.328 14670877056126.727 7523546879118.882
40.0 -30.0 -1366824.610 2146572.903 1472414.167 3822562.222 2201908.748 -2014285.688 0.609 0.254 -0.299 25.020 12.574 8.308 16744900340459.773 10910192878581.691 6245288317296.985
39.0 -30.0 -664541.365 2365462.498 1748718.341 3322911.284 1477472.541 -1037313.731 0.563 0.178 -0.170 24.915 12.511 8.350 11528276433402.330 8263852751567.087 4314008152155.988
38.0 -30.0 -659172.381 1899681.392 1844666.754 2656311.351 1267879.763 -680737.075 0.577 0.187 -0.113 24.958 12.516 8.371 7710045825651.572 5497646881581.243 3889035471575.582
37.0 -30.0 -650303.311 1535438.664 1629184.483 2438607.288 1047290.242 -1081260.963 0.583 0.191 -0.187 24.980 12.525 8.347 6503844576166.825 3460939987502.077 3828723388245.832
36.0 -30.0 -454702.342 1592832.978 806005.680 1862927.060 316833.714 -1191666.567 0.576 0.063 -0.311 24.913 12.421 8.306 3697501746823.609 2653435027366.172 2079996524953.037
35.0 -30.0 -550095.800 929550.160 1006437.142 1100563.769 872856.070 -494629.361 0.648 0.240 -0.145 25.241 12.552 8.366 1504325891940.544 1634740066135.243 1267888432168.188
34.0 -30.0 239621.167 988139.859 239912.024 1211229.219 19436.070 -595965.331 0.438 0.006 -0.378 24.419 12.375 8.261 899423365658.626 965471585380.682 485109903618.560
33.0 -30.0 -999.000 479457.321 607272.613 -999.000 459490.543 -246935.724 -999.000 0.243 -0.123 -999.000 12.555 8.373 -999.000 446037869494.322 430438170407.658
32.0 -30.0 252947.995 327220.904 -999.000 430707.309 346086.027 -999.000 0.332 0.259 -999.000 24.286 12.605 -999.000 183600137337.688 227490846254.396 -999.000
31.0 -30.0 -999.000 -999.000 -999.000 -999.000 -999.000 -999.000 -999.000 -999.000 -999.000 -999.000 -999.000 -999.000 -999.000 -999.000 -999.000
90.0 -25.0 42729462.021 1578167.169 -999.000 -46138155.835 31908957.234 -999.000 -0.262 0.484 -999.000 25.024 12.517 -999.000 3957500197166468.500 1023152225189175.875 -999.000
89.0 -25.0 42446523.663 1878847.386 -999.000 -45493614.931 31536593.615 -999.000 -0.261 0.481 -999.000 25.026 12.514 -999.000 3875269223801388.500 999380596488211.875 -999.000
88.0 -25.0 42152480.477 1873977.842 -999.000 -44360726.060 31342152.740 -999.000 -0.258 0.481 -999.000 25.038 12.513 -999.000 3751301078808685.000 988554010773754.125 -999.000
87.0 -25.0 40959879.556 1537810.893 -999.000 -44185609.147 31237877.972 -999.000 -0.262 0.484 -999.000 25.024 12.517 -999.000 3632777741423378.500 980554240111425.625 -999.000
86.0 -25.0 40458840.216 1792221.785 -999.000 -43674015.464 30953298.412 -999.000 -0.262 0.482 -999.000 25.021 12.513 -999.000 3546344285676676.500 963066294621734.125 -999.000
85.0 -25.0 39734048.299 1676830.335 -999.000 -42534318.206 30468719.415 -999.000 -0.261 0.483 -999.000 25.026 12.515 -999.000 3391693381580412.500 932959219147230.125 -999.000
84.0 -25.0 39181443.949 1706869.012 -4366769.339 -42271591.426 30374310.694 -5245589.566 -0.262 0.482 -0.721 25.021 12.514 8.353 3323954728565886.500 927298889500524.000 46750888797353.727
83.0 -25.0 38460617.125 1429073.845 -4367239.824 -41323862.298 30088778.804 -5493832.134 -0.261 0.485 -0.714 25.026 12.518 8.359 3189680198777376.000 909650282740970.625 49458314880457.188
82.0 -25.0 37916170.828 1664239.328 -4594665.035 -40747309.813 29738415.086 -5315529.901 -0.261 0.482 -0.727 25.023 12.514 8.352 3100278298024113.000 888862178412027.250 49535457809477.578
81.0 -25.0 37103720.134 1394626.662 -4566041.918 -39842473.597 29428799.876 -5588929.737 -0.261 0.485 -0.718 25.026 12.518 8.358 2966697118361829.000 870180769566423.125 52265775858048.922
80.0 -25.0 36284201.963 1266966.798 -4179597.703 -38936083.203 28945510.791 -5860279.698 -0.261 0.486 -0.697 25.026 12.516 8.371 2834647488999035.000 843891436210030.000 53121987045804.438
79.0 -25.0 35951393.188 2039724.161 -4751234.653 -38332849.738 28547193.445 -5473102.374 -0.260 0.477 -0.728 25.026 12.511 8.352 2764975998977649.000 821762396785728.875 52657031757495.312
78.0 -25.0 35280106.901 1512684.611 -4915826.140 -37105677.184 28149220.673 -5280008.621 -0.258 0.483 -0.739 25.035 12.516 8.350 2625473503559384.500 795964843740301.625 52221125109984.383
77.0 -25.0 34550942.950 1982519.589 -4912481.884 -36704608.599 27748896.484 -5511356.501 -0.260 0.477 -0.732 25.027 12.511 8.351 2544287250089243.500 776544425719784.000 54636541210930.109
76.0 -25.0 34094450.076 1601258.286 -4802433.014 -35442357.622 27363054.878 -5777555.794 -0.256 0.481 -0.721 25.044 12.513 8.359 2423336795314097.000 753800292589218.250 56933155748112.992
75.0 -25.0 32628978.990 1119559.643 -4664405.132 -34978908.274 26931434.563 -5829221.478 -0.261 0.487 -0.715 25.026 12.517 8.365 2289792880310392.000 730832533570122.500 57564893424186.219
74.0 -25.0 32014035.523 1391649.407 -4986468.196 -34034787.437 26396238.348 -5575966.442 -0.260 0.483 -0.732 25.027 12.515 8.355 2186119943422577.500 700129989311395.250 56149804255384.266
73.0 -25.0 31557040.098 1353065.209 -5285464.099 -33025202.291 25997752.027 -5294671.994 -0.257 0.483 -0.750 25.036 12.516 8.347 2089838808848600.250 678837526066386.750 56075424834559.703
72.0 -25.0 30595745.495 1374132.194 -5449871.810 -32787484.859 25687417.914 -5383066.803 -0.261 0.483 -0.752 25.022 12.514 8.345 2012553147779233.000 663118618299744.875 58884007878449.273
71.0 -25.0 29721425.236 1077273.054 -5267522.506 -31754157.640 25234196.345 -5745804.666 -0.261 0.486 -0.736 25.027 12.519 8.354 1893537852953275.000 639657027767121.375 60826791030051.398
70.0 -25.0 28981870.925 1055833.537 -5262639.458 -30857339.506 24733753.996 -5771321.736 -0.260 0.486 -0.735 25.029 12.519 8.355 1794096480575094.000 614543005002938.125 61072115793770.469
69.0 -25.0 28149921.701 1223828.790 -5214846.765 -29785515.593 23991029.393 -5523445.250 -0.259 0.484 -0.741 25.029 12.516 8.353 1682324427117599.750 578308915160160.250 57901025413996.789
68.0 -25.0 27348282.489 1195600.820 -5243787.064 -28925504.312 23469000.234 -5490226.858 -0.259 0.484 -0.743 25.029 12.516 8.353 1587276517044761.250 553414790833834.562 57833781736025.109
67.0 -25.0 26410515.372 858118.904 -5076481.303 -28178232.007 23032217.079 -5599993.277 -0.260 0.488 -0.734 25.027 12.518 8.359 1492639932404900.500 535105623273112.812 59487413759459.844
66.0 -25.0 25732823.664 1105312.270 -5285022.623 -27194257.326 22405076.998 -5420102.343 -0.259 0.484 -0.746 25.029 12.516 8.352 1404237219963361.750 504339950693112.625 57482722773437.594
65.0 -25.0 25260051.653 1202012.348 -5529031.614 -26516057.506 21929539.870 -5212351.426 -0.258 0.483 -0.759 25.033 12.516 8.343 1343356085227294.000 482936546984367.000 58012205385494.836
64.0 -25.0 24702671.601 1191527.292 -5259074.763 -25212023.494 21393065.203 -5585262.314 -0.253 0.482 -0.740 25.053 12.513 8.353 1248564391459555.000 461287181635292.000 59477398312734.328
63.0 -25.0 22989565.438 1100559.996 -5700653.134 -24774335.454 20744877.302 -4959936.866 -0.262 0.483 -0.772 25.015 12.515 8.333 1142353613402778.250 432160595201694.500 58087288641092.508
62.0 -25.0 22504321.572 754860.402 -5399796.631 -23934305.424 20373108.773 -5404816.640 -0.260 0.488 -0.750 25.029 12.521 8.351 1080443709658329.250 416866759908170.000 58527761728965.547
61.0 -25.0 21934470.186 1441631.311 -5428524.116 -23073611.077 19612156.754 -5084685.830 -0.258 0.477 -0.760 25.029 12.510 8.344 1015727313777251.875 389103511761344.875 55394579232669.422
60.0 -25.0 21150591.085 887181.180 -5481548.352 -21765974.384 19011353.888 -4757134.172 -0.255 0.485 -0.772 25.044 12.518 8.341 922835325329249.875 362824076196053.250 52762008871710.016
59.0 -25.0 20291625.567 1360175.742 -5363036.126 -21327611.191 18416804.280 -4944089.335 -0.258 0.477 -0.763 25.029 12.510 8.343 868702886387864.875 343438160711910.625 53290083796494.484
58.0 -25.0 19808929.514 954180.473 -5093503.589 -19959122.560 17835878.492 -5202413.407 -0.251 0.483 -0.747 25.060 12.513 8.352 792491652572356.875 321013460053705.875 53640454532377.617
57.0 -25.0 18136870.334 882696.110 -5560262.891 -19487662.466 17143113.300 -4495026.105 -0.261 0.484 -0.784 25.014 12.515 8.330 708784866827318.250 295065656161898.188 51663048464605.180
56.0 -25.0 17567284.856 744143.349 -5025592.460 -18501088.063 16499356.081 -4755594.892 -0.258 0.486 -0.759 25.029 12.517 8.348 652792997302062.375 273487066766113.188 47930265683566.320
55.0 -25.0 16759593.745 692647.134 -4964249.898 -17641433.712 15874098.184 -4657017.905 -0.258 0.486 -0.760 25.029 12.518 8.348 593931761972432.750 253140702749776.875 46378674043938.711
54.0 -25.0 16095918.027 737816.429 -5264886.586 -17183451.003 15441516.124 -4285147.765 -0.260 0.485 -0.783 25.020 12.516 8.336 554685571032419.688 239635739470690.375 46227996774490.250
53.0 -25.0 15478755.830 1012121.534 -5037086.845 -15917557.277 14639743.370 -4306783.734 -0.254 0.478 -0.775 25.044 12.510 8.340 493624603339066.625 215516526190724.094 43988947271276.555
52.0 -25.0 14400922.075 349761.958 -4805517.949 -15325963.846 14183844.793 -4536947.645 -0.260 0.492 -0.759 25.029 12.525 8.350 442714964002075.250 201984433099791.906 43786029994411.273
51.0 -25.0 14210344.336 704282.457 -4555499.617 -14011996.233 13406828.613 -4488838.575 -0.248 0.483 -0.752 25.072 12.513 8.351 399050835666949.438 181938707425612.719 41531713476812.680
50.0 -25.0 12682757.099 183105.557 -4334296.025 -13573632.021 12746483.681 -4152927.916 -0.261 0.495 -0.757 25.026 12.523 8.352 345600650317251.938 165229517518808.062 38413801882415.414
49.0 -25.0 12333789.425 484182.376 -4636922.931 -12500662.104 12084143.101 -3602492.685 -0.252 0.487 -0.790 25.051 12.521 8.336 309009664131186.875 146465273231688.125 34515120375470.609
48.0 -25.0 11579122.812 555315.312 -4492345.221 -12102021.946 11449158.140 -3635330.626 -0.257 0.485 -0.783 25.032 12.519 8.337 281034769903644.031 131605403347669.672 33482387155416.145
47.0 -25.0 10227090.977 518507.052 -4876159.782 -11246001.698 10748859.971 -2937266.893 -0.265 0.485 -0.827 24.996 12.516 8.315 231420410117975.938 115958768710138.891 32468202742004.457
46.0 -25.0 9666437.358 21585.439 -3800137.670 -10430429.015 10149240.810 -3607681.858 -0.262 0.499 -0.758 25.022 12.526 8.353 202699022327232.562 105393118039053.953 29687891259840.531
45.0 -25.0 9375138.848 343149.009 -4044718.892 -9406468.667 9504879.793 -3050175.563 -0.251 0.489 -0.794 25.056 12.523 8.334 176740483400468.625 90550912304637.984 25734543687975.887
44.0 -25.0 9055301.615 450519.285 -3639760.019 -8517079.561 8907200.573 -3479403.666 -0.240 0.484 -0.757 25.099 12.514 8.350 154770327475319.125 81055050258212.719 25879221730243.090
43.0 -25.0 8362352.080 416992.506 -3479931.743 -7797878.087 8281400.104 -3319077.143 -0.239 0.484 -0.757 25.104 12.514 8.350 131030034534607.125 70210181482556.703 23635306930146.469
42.0 -25.0 7009016.287 238973.413 -3283183.178 -7436236.472 7558754.706 -2928236.841 -0.259 0.490 -0.768 25.022 12.523 8.347 105216792788566.484 57504242048851.195 19420203821710.434
41.0 -25.0 6713795.489 598584.719 -3336991.475 -6700059.421 6978342.205 -2607609.484 -0.250 0.473 -0.789 25.060 12.506 8.336 90224449110910.125 49257975508290.781 17997973932773.883
40.0 -25.0 5636764.904 -100242.512 -2745035.509 -6155814.309 6373690.834 -2747494.333 -0.264 0.505 -0.750 25.020 12.530 8.360 70314181968231.359 42605358823107.516 16611265533966.598
39.0 -25.0 5113533.124 148005.810 -2713760.228 -5472256.416 5739848.707 -2407015.318 -0.261 0.492 -0.769 25.016 12.526 8.348 56782645950867.352 33225485229672.582 13284506637172.270
38.0 -25.0 4629488.218 205425.790 -2865313.046 -5276193.457 5361425.973 -1962255.998 -0.271 0.488 -0.809 24.983 12.519 8.326 49422971967475.383 29012407415004.039 12082128037524.545
37.0 -25.0 4297996.368 208125.266 -2584001.957 -4466529.556 4683404.986 -1842612.698 -0.256 0.486 -0.803 25.033 12.528 8.331 38529702096080.078 22104617182407.547 10088992508161.232
36.0 -25.0 3791256.671 433080.586 -2267736.117 -3666898.918 4072307.693 -1791744.207 -0.245 0.466 -0.787 25.078 12.500 8.337 27971447050411.895 17055479024240.482 8380536400660.108
35.0 -25.0 3194225.735 80533.085 -2109735.329 -3035288.478 3569540.643 -1347402.706 -0.242 0.493 -0.819 25.091 12.536 8.325 19463373726002.438 13163345785186.100 6524519603046.108
34.0 -25.0 2190627.915 66123.954 -2141767.867 -2767017.871 3018428.574 -1185092.216 -0.287 0.493 -0.839 24.865 12.528 8.308 12527459119619.982 9116170902791.215 6043175518831.025
33.0 -25.0 2262203.126 8942.392 -1664355.158 -2077576.642 2578217.397 -980185.484 -0.236 0.499 -0.831 25.114 12.549 8.320 9482649332601.811 7013678153730.440 3968320229280.891
32.0 -25.0 1705344.712 -330826.391 -1369867.593 -2228615.061 2261006.806 -1042859.942 -0.292 0.546 -0.793 24.894 12.576 8.331 8033937873483.437 5271146121712.236 2980203318406.565
31.0 -25.0 1334194.901 37297.721 -1310066.211 -1774296.758 1783435.601 -716230.668 -0.295 0.493 -0.841 24.917 12.525 8.308 4938722053860.641 3272778759281.447 2360176248961.694
30.0 -25.0 1298180.065 180785.697 -498217.578 -907805.036 1215919.209 -910444.703 -0.194 0.453 -0.659 25.231 12.481 8.365 2486408516570.911 1778284730133.658 1330900358352.613
29.0 -25.0 712758.794 151964.288 -930202.160 -1059885.941 1006147.861 -338266.190 -0.312 0.452 -0.889 24.887 12.495 8.287 1638511443422.954 1046952362556.023 1008361004568.277
28.0 -25.0 589506.527 -245894.382 -328781.305 -653824.452 739489.882 -471292.432 -0.267 0.602 -0.694 24.995 12.671 8.347 779650988569.217 507796964845.993 377733937219.607
27.0 -25.0 -999.000 -999.000 -402535.242 -999.000 -999.000 -296586.618 -999.000 -999.000 -0.798 -999.000 -999.000 8.339 -999.000 -999.000 280837660688.880
26.0 -25.0 -999.000 -999.000 -999.000 -999.000 -999.000 -999.000 -999.000 -999.000 -999.000 -999.000 -999.000 -999.000 -999.000 -999.000 -999.000
90.0 -20.0 -9504854.577 27816665.568 3210728.682 58011140.094 9370442.723 -3817192.708 0.552 0.103 -0.277 25.055 12.526 8.364 3461386588531041.500 862051136112414.875 24900007825691.656
89.0 -20.0 -9412167.405 27646587.733 2603663.924 57801680.591 8950025.629 -4673988.910 0.551 0.100 -0.338 25.051 12.523 8.342 3437918835242920.500 845362315918390.125 28695506842032.629
88.0 -20.0 -9209280.422 27493213.378 -999.000 57064829.577 9016578.371 -999.000 0.551 0.101 -999.000 25.049 12.525 -999.000 3346756925084567.000 837958022143047.000 -999.000
87.0 -20.0 -9072927.297 27543190.226 3094485.023 56303995.940 8548318.654 -4106778.515 0.551 0.096 -0.294 25.050 12.520 8.361 3260001719092192.500 833665120850246.375 26482591566275.152
86.0 -20.0 -9361701.818 26941018.432 3074053.268 55563591.088 9252501.890 -4003929.700 0.553 0.105 -0.292 25.054 12.527 8.365 3184708199083559.500 812454786154470.250 28102616882690.398
85.0 -20.0 -8855587.227 27048674.718 2690544.306 55117561.153 8600174.347 -5125486.966 0.551 0.098 -0.346 25.049 12.522 8.341 3123820772804594.000 806580498934449.375 33584960980319.441
84.0 -20.0 -8733139.009 26847709.467 2711406.668 54390180.983 8525495.325 -5227470.489 0.551 0.098 -0.348 25.049 12.522 8.341 3041849855777784.500 794447421470118.500 34754182675697.410
83.0 -20.0 -7970435.771 26574715.723 3241314.581 53336853.763 8495991.197 -4527659.004 0.547 0.098 -0.302 25.038 12.522 8.362 2912044628879000.500 779538387795834.125 31377038582336.922
82.0 -20.0 -8572950.390 26430954.288 3455203.001 52518639.935 8843712.738 -4531869.303 0.552 0.103 -0.293 25.052 12.525 8.367 2838044077122433.000 778891067777027.500 32565675758076.508
81.0 -20.0 -8624385.595 25918226.174 3102731.986 51854132.285 8745354.887 -4578519.421 0.552 0.104 -0.310 25.053 12.526 8.358 2771775396627212.000 749476149602932.250 33389564534238.918
80.0 -20.0 -8820911.703 25911364.032 3232977.281 50801316.622 8261501.665 -4985148.286 0.555 0.098 -0.317 25.067 12.521 8.357 2662888624166095.500 741095889311062.750 35369541684449.305
79.0 -20.0 -7992023.912 25683640.582 2791617.993 50491682.070 7997372.862 -5670611.256 0.550 0.096 -0.354 25.047 12.521 8.340 2619516472951247.500 724603652220880.750 40021350957995.727
78.0 -20.0 -8518499.688 25394816.632 3250255.730 49152446.529 8027384.893 -5157903.031 0.555 0.097 -0.321 25.067 12.521 8.356 2492591890871803.500 710788569094665.000 37202642383906.648
77.0 -20.0 -7885433.131 25150246.310 3386286.215 48431053.232 8320109.124 -5041970.748 0.551 0.102 -0.312 25.052 12.524 8.361 2413244809287317.500 703870209932285.000 37097196680555.766
76.0 -20.0 -7459079.042 25026953.517 3271142.411 47747215.375 7399041.834 -5143321.685 0.549 0.091 -0.320 25.046 12.518 8.355 2340765559995498.000 682952188348665.750 37261623601671.852
75.0 -20.0 -8041953.574 24526674.295 3253459.575 46560672.529 7676409.917 -5385297.293 0.554 0.097 -0.327 25.067 12.520 8.354 2236269902735868.750 661916973591543.375 39638990640917.320
74.0 -20.0 -7543387.093 24406539.506 3356823.274 45732214.743 7190573.323 -5437104.154 0.552 0.091 -0.324 25.059 12.518 8.354 2151712978748288.000 649314463418758.500 40920666313047.125
73.0 -20.0 -7714758.895 23871412.229 3241906.263 44760203.890 7406819.643 -5503027.223 0.554 0.096 -0.331 25.067 12.520 8.353 2066455705989719.750 626105946442795.000 40857377222597.633
72.0 -20.0 -7225472.885 23724416.052 3340244.984 43898630.173 6923071.159 -5542768.244 0.552 0.090 -0.327 25.059 12.517 8.353 1982437599655235.000 612638089251054.125 42004322367983.023
71.0 -20.0 -6751472.859 23235984.197 3529093.504 42977825.976 7354062.580 -5468900.834 0.550 0.098 -0.318 25.052 12.523 8.356 1896113541387533.500 594870416748959.875 42367550880999.234
70.0 -20.0 -6606724.563 22837496.532 2784018.788 42445340.970 6832174.571 -6219230.410 0.549 0.093 -0.366 25.045 12.519 8.338 1849726735907992.000 569231145576164.250 46447666691937.703
69.0 -20.0 -7033521.305 22443243.737 3203722.280 40996433.731 6842167.075 -5683896.502 0.554 0.094 -0.337 25.067 12.519 8.352 1733170302960982.000 551816067459653.688 42642942195427.078
68.0 -20.0 -6447995.564 22254320.213 3298572.422 40103676.783 6365834.364 -5705282.543 0.551 0.089 -0.333 25.056 12.516 8.352 1652605612186675.750 537476826086228.312 43594288684154.094
67.0 -20.0 -6072874.832 21694400.021 2751965.789 39545651.245 6413859.737 -6308592.761 0.549 0.092 -0.369 25.044 12.519 8.338 1604540465009028.500 512732733019726.375 47433118013948.711
66.0 -20.0 -5874281.387 21257690.028 3291367.945 38248730.423 6398191.529 -5745506.369 0.549 0.093 -0.334 25.046 12.520 8.352 1501048678959480.750 494084253682595.062 44154357502039.898
65.0 -20.0 -5700238.513 20837894.518 3305537.815 37455707.724 6272341.020 -5463330.704 0.548 0.093 -0.327 25.042 12.521 8.355 1437525686588218.000 474344784911620.812 41198343259570.633
64.0 -20.0 -5888009.128 20161710.686 3065684.056 36309427.024 6536157.973 -5481059.698 0.551 0.100 -0.338 25.049 12.525 8.350 1357636787040529.250 450871134623346.375 42561068669273.992
63.0 -20.0 -5365617.600 20021228.847 3343340.267 35126071.651 6233723.909 -5680049.756 0.548 0.096 -0.331 25.049 12.523 8.353 1265153991925721.750 440399753036338.000 43561901951856.945
62.0 -20.0 -5326237.572 19564618.424 3008332.100 34162691.153 6210534.149 -5665539.382 0.549 0.098 -0.345 25.046 12.523 8.353 1198135117336826.750 423201165416970.375 41740579015539.547
61.0 -20.0 -5659775.617 19081607.567 2989726.659 33006444.292 5649399.773 -5798971.625 0.554 0.092 -0.348 25.068 12.518 8.349 1123485389724779.375 397033466491061.938 42615474195746.695
60.0 -20.0 -4850926.202 18652101.093 2539907.951 32477935.887 5326987.096 -6315722.282 0.547 0.089 -0.378 25.040 12.518 8.336 1080806231481597.375 377031989232164.250 46533840137466.336
59.0 -20.0 -5062655.826 17920737.481 2874318.612 31186568.217 5729163.667 -5490219.657 0.551 0.098 -0.346 25.049 12.525 8.347 1002107955065325.125 355697107317475.688 41376243514663.523
58.0 -20.0 -4487856.526 17676925.988 3059546.550 30301476.043 5172564.562 -5430751.555 0.547 0.091 -0.337 25.038 12.520 8.353 939541352290375.375 339831688863897.250 39337641735826.594
57.0 -20.0 -4459133.808 17232459.984 2770675.218 29012392.244 5402488.646 -5581032.086 0.549 0.097 -0.353 25.044 12.522 8.351 863513403979614.125 327971543484156.188 39515964427235.320
56.0 -20.0 -4157156.714 16745389.771 3030742.498 27912930.678 5111362.391 -5567141.845 0.547 0.094 -0.341 25.047 12.522 8.350 798245250717959.250 307073425610049.562 40303341799977.188
55.0 -20.0 -3974128.383 16194769.835 2909192.843 27182013.026 4671633.405 -5313625.370 0.546 0.089 -0.341 25.036 12.519 8.352 755662788519762.375 284618139243535.562 37186233366399.625
54.0 -20.0 -3292125.409 15653448.166 2734946.793 25921866.640 4432935.694 -5451945.982 0.540 0.088 -0.352 25.018 12.517 8.350 683287429398098.750 265202463991408.125 37373493240455.438
53.0 -20.0 -3524433.386 15369866.633 2715548.343 25032504.734 3964244.293 -5330049.889 0.545 0.080 -0.350 25.033 12.512 8.348 640189737182490.875 252857592882201.719 36029975506810.875
52.0 -20.0 -3744657.983 14866315.438 2684391.917 23757779.290 3835239.798 -5434922.281 0.550 0.080 -0.354 25.058 12.512 8.347 579639108154539.125 236649845311850.250 36858754402477.305
51.0 -20.0 -3379111.381 14147913.527 2576853.510 22833173.154 3991054.969 -5368923.957 0.547 0.088 -0.358 25.043 12.518 8.346 534121744734813.125 216854412100132.625 35883116769042.562
50.0 -20.0 -3136977.924 13626452.335 2622239.838 22020645.848 3844183.566 -4996296.719 0.545 0.088 -0.346 25.033 12.519 8.350 495467598590366.000 200847548370254.312 32312427935490.594
49.0 -20.0 -2855842.927 13275301.565 2469495.283 20924859.480 3279522.159 -5017896.961 0.543 0.077 -0.354 25.029 12.510 8.346 446678402758246.000 187750017881931.375 31540684912998.844
48.0 -20.0 -3478390.098 12574092.575 2320295.140 19600471.051 3514688.335 -5106557.943 0.556 0.087 -0.364 25.080 12.515 8.345 396866276988666.250 170932813479359.969 31526634509603.309
47.0 -20.0 -2139225.008 11981077.791 2242489.527 18729436.849 3318074.528 -4937679.268 0.536 0.086 -0.364 25.005 12.516 8.347 356186230604603.375 154958084316529.094 29456791898916.250
46.0 -20.0 -2482077.509 11523167.755 1913352.702 18101980.784 3027963.697 -5331882.114 0.543 0.082 -0.390 25.029 12.515 8.334 334644127594282.562 142245490065639.031 32277831386666.754
45.0 -20.0 -1826277.104 10903866.842 2095707.235 16746918.569 2982448.697 -4706303.457 0.535 0.085 -0.367 25.000 12.516 8.347 284668894138167.375 128197047313826.984 26590932533520.930
44.0 -20.0 -2849962.375 10435677.882 2027710.642 15649188.605 2840538.356 -4657333.874 0.557 0.085 -0.369 25.087 12.513 8.344 253453526120708.781 117366471711291.359 25899468104438.676
43.0 -20.0 -2007608.646 9909850.807 1719225.865 15179723.294 2529452.264 -4943653.152 0.542 0.080 -0.393 25.024 12.514 8.333 235051512573066.281 104809958989399.391 27563911437319.879
42.0 -20.0 -1953544.605 9403905.388 2044478.403 13863716.585 2856046.932 -4161861.268 0.545 0.094 -0.355 25.031 12.522 8.353 196332970226091.188 97806715372032.344 21832420115126.734
41.0 -20.0 -1573531.629 8959787.410 1870666.231 13108169.890 1978635.416 -4051715.858 0.538 0.069 -0.362 25.014 12.506 8.344 174332722539201.250 84952488834383.094 20209956902958.754
40.0 -20.0 -1578983.470 8288966.042 1510180.464 12381810.891 2061012.365 -4478370.314 0.540 0.078 -0.396 25.019 12.513 8.333 156239966462034.062 73097957618410.328 22478803954136.586
39.0 -20.0 -1513949.611 7785321.166 1939266.601 11038725.676 2369578.828 -3798109.090 0.543 0.094 -0.350 25.046 12.526 8.349 125147151838653.031 66345327894586.367 18237706785255.605
38.0 -20.0 -1144448.024 7360336.933 1615974.045 10413228.760 1506007.136 -3578685.837 0.535 0.064 -0.365 25.004 12.504 8.344 109843388504965.516 57225800658241.898 15705165518602.568
37.0 -20.0 -1880916.864 6690571.904 1437583.094 9249518.744 1755481.894 -3574651.316 0.564 0.082 -0.378 25.117 12.511 8.342 89534961187795.594 48112492335865.625 14971367383593.863
36.0 -20.0 -1100163.731 6154060.144 1524385.658 8770380.725 1632143.223 -3110060.604 0.540 0.083 -0.355 25.014 12.521 8.349 78423497941470.734 40696108492203.547 12356464220389.477
35.0 -20.0 -973808.090 5673554.151 1222880.739 8090729.282 1310852.619 -3545193.327 0.538 0.072 -0.394 25.011 12.512 8.333 66771879366217.555 33967261234824.668 14154674744440.145
34.0 -20.0 -870938.035 5140028.330 1342571.846 7172838.298 1353754.074 -2720667.373 0.538 0.082 -0.354 25.009 12.522 8.350 52526780841226.648 28409955118849.672 9549851022293.566
33.0 -20.0 -1446614.391 4669995.149 1076863.474 6072695.303 1188175.750 -2813998.898 0.574 0.079 -0.384 25.162 12.510 8.341 39052379918427.711 23465797728390.527 9218504433953.672
32.0 -20.0 -983822.930 4262510.202 1137866.176 5400442.609 1094618.186 -2563343.867 0.557 0.080 -0.367 25.105 12.518 8.346 30193326247544.012 19533164260772.660 7947160843872.879
31.0 -20.0 -819584.450 3455003.523 46303.947 4902160.232 1322015.768 -2617511.600 0.553 0.116 -0.494 25.028 12.553 8.299 25266696391686.258 15109992882164.146 6879070585798.631
30.0 -20.0 -508655.499 3323886.477 1159773.132 4111321.893 1045775.074 -1902938.145 0.539 0.097 -0.326 25.004 12.525 8.368 17221066100515.586 12800362375704.244 4977936673898.680
29.0 -20.0 -490434.506 2826137.456 1074530.829 3417572.644 1106735.448 -1799564.559 0.545 0.119 -0.329 25.088 12.552 8.355 12222357122530.660 9268989245078.990 4401181010787.097
28.0 -20.0 -284434.631 2369116.007 1052649.663 2939768.300 601400.116 -1558391.841 0.531 0.079 -0.311 24.999 12.523 8.361 9015071654602.260 6140449729458.203 3558882566055.752
27.0 -20.0 -3011.170 1906272.334 539687.657 2348722.689 579189.307 -1407670.447 0.500 0.094 -0.383 24.781 12.539 8.350 5506885154124.908 4499420006809.961 2330457312290.572
26.0 -20.0 -382771.003 1601520.177 603829.682 2039239.420 456543.965 -949790.283 0.559 0.088 -0.320 25.042 12.549 8.368 4397986613354.683 2896450386770.993 1472477722384.727
25.0 -20.0 -36297.259 1504170.506 722912.068 1402464.170 -40021.485 -574530.409 0.508 -0.008 -0.214 24.880 12.459 8.400 1994770005367.700 2289861695536.797 1069442517187.784
24.0 -20.0 -601658.137 985039.559 218440.425 955203.869 -157719.096 -831618.284 0.679 -0.051 -0.418 25.545 12.415 8.335 1019233474417.462 999073112409.716 829588961923.702
23.0 -20.0 403203.188 604222.086 608397.480 644593.544 268021.620 -189114.879 0.322 0.133 -0.096 24.430 12.576 8.391 519890716564.182 439457385493.305 490833209303.769
22.0 -20.0 -51613.791 -999.000 -999.000 559720.097 -999.000 -999.000 0.529 -999.000 -999.000 24.863 -999.000 -999.000 316777366125.970 -999.000 -999.000
21.0 -20.0 -999.000 -999.000 -999.000 -999.000 -999.000 -999.000 -999.000 -999.000 -999.000 -999.000 -999.000 -999.000 -999.000 -999.000 -999.000
90.0 -15.0 49720531.775 -12296349.024 -999.000 36041490.281 -26319481.897 -999.000 0.200 -0.639 -999.000 24.944 12.449 -999.000 3777520292598127.000 844158069470476.875 -999.000
89.0 -15.0 49924934.617 -12397386.864 -999.000 35222565.867 -26434026.970 -999.000 0.196 -0.640 -999.000 24.930 12.448 -999.000 3736273976981066.500 852841324692164.250 -999.000
88.0 -15.0 49111818.089 -12244837.504 -999.000 35083111.755 -26175985.691 -999.000 0.197 -0.639 -999.000 24.940 12.446 -999.000 3643843291908639.500 838027117932984.250 -999.000
87.0 -15.0 48668232.398 -12129542.612 -999.000 34773171.878 -26098980.608 -999.000 0.197 -0.638 -999.000 24.940 12.447 -999.000 3578797819980907.000 831096167729882.250 -999.000
86.0 -15.0 48063811.935 -11897691.661 -999.000 34871559.851 -26280634.316 -999.000 0.200 -0.635 -999.000 24.951 12.452 -999.000 3530726073754108.500 833081502735589.125 -999.000
85.0 -15.0 47440852.738 -11719915.606 -999.000 34569832.435 -25917701.609 -999.000 0.200 -0.635 -999.000 24.946 12.451 -999.000 3452348600790277.000 809478382014461.000 -999.000
84.0 -15.0 46941721.710 -11590104.078 -999.000 34221007.421 -25797669.768 -999.000 0.201 -0.634 -999.000 24.946 12.452 -999.000 3381123387528620.500 800347459411528.375 -999.000
83.0 -15.0 47012091.875 -11676725.700 -999.000 33372124.486 -25836483.660 -999.000 0.196 -0.635 -999.000 24.932 12.451 -999.000 3326248677707925.000 804317146421598.250 -999.000
82.0 -15.0 46472050.196 -11537271.390 -999.000 33005134.770 -25693032.260 -999.000 0.197 -0.634 -999.000 24.932 12.451 -999.000 3251351663168598.000 793832023518325.000 -999.000
81.0 -15.0 45914885.235 -11441493.711 -999.000 32626228.101 -25520096.702 -999.000 0.197 -0.634 -999.000 24.932 12.451 -999.000 3174958115425549.000 782761042057698.125 -999.000
80.0 -15.0 44706941.086 -11075857.136 -999.000 32774598.410 -25184387.866 -999.000 0.201 -0.632 -999.000 24.948 12.453 -999.000 3079589926499659.500 757637151687411.750 -999.000
79.0 -15.0 44377843.076 -11426204.039 -999.000 32144151.943 -24897407.332 -999.000 0.200 -0.637 -999.000 24.944 12.449 -999.000 3004804951298594.500 751208406896116.375 -999.000
78.0 -15.0 43606168.806 -10780125.781 -999.000 31555683.634 -24776544.632 -999.000 0.199 -0.631 -999.000 24.946 12.454 -999.000 2898917870867902.000 731927318000533.625 -999.000
77.0 -15.0 43224670.774 -10802100.879 -999.000 31002669.554 -24584682.110 -999.000 0.198 -0.632 -999.000 24.941 12.450 -999.000 2830432425040212.500 723227740857804.750 -999.000
76.0 -15.0 42363711.101 -10502191.320 -999.000 30665698.063 -24338136.955 -999.000 0.199 -0.630 -999.000 24.946 12.455 -999.000 2736604274558708.500 704552056351462.500 -999.000
75.0 -15.0 41585600.269 -10360841.099 -999.000 30644077.904 -24128257.642 -999.000 0.202 -0.629 -999.000 24.950 12.454 -999.000 2675039036356713.000 690291394213867.250 -999.000
74.0 -15.0 40956002.107 -10134833.593 -999.000 30174210.992 -24073996.412 -999.000 0.202 -0.627 -999.000 24.953 12.457 -999.000 2591649425149092.500 683495978523552.250 -999.000
73.0 -15.0 40684728.781 -10206762.921 -999.000 29255147.309 -23753423.838 -999.000 0.198 -0.629 -999.000 24.939 12.454 -999.000 2511406117895770.500 669163725256399.375 -999.000
72.0 -15.0 39713348.936 -9660582.487 -999.000 29027031.279 -23627278.133 -999.000 0.201 -0.624 -999.000 24.953 12.458 -999.000 2422152183525476.000 653018618589599.250 -999.000
71.0 -15.0 39163660.542 -9792474.989 -999.000 28242671.802 -23109132.072 -999.000 0.199 -0.628 -999.000 24.942 12.453 -999.000 2332612409014711.500 632382644016580.125 -999.000
70.0 -15.0 38237750.350 -9324952.933 -999.000 28250779.033 -23154939.148 -999.000 0.203 -0.622 -999.000 24.959 12.459 -999.000 2264152437377674.500 624895893914623.750 -999.000
69.0 -15.0 38038491.548 -9414326.089 -999.000 27187696.140 -22740289.637 -999.000 0.198 -0.625 -999.000 24.932 12.456 -999.000 2187932164393949.250 607067769123795.750 -999.000
68.0 -15.0 36646732.690 -9236929.015 -999.000 27211379.406 -22185533.120 -999.000 0.203 -0.626 -999.000 24.951 12.456 -999.000 2089475544889866.750 578554008801283.125 -999.000
67.0 -15.0 36536505.103 -9028910.578 -999.000 26145275.171 -22123318.373 -999.000 0.198 -0.623 -999.000 24.932 12.457 -999.000 2020263716903862.500 572268438079984.625 -999.000
66.0 -15.0 35198202.326 -8573203.796 -999.000 26215319.912 -21913462.476 -999.000 0.204 -0.619 -999.000 24.962 12.461 -999.000 1929838611198182.250 555277440673045.875 -999.000
65.0 -15.0 34763849.507 -8737585.183 -999.000 25190513.286 -21359223.362 -999.000 0.200 -0.624 -999.000 24.941 12.457 -999.000 1843655306017574.500 533567151935535.000 -999.000
64.0 -15.0 33253626.065 -8507598.753 -999.000 25527037.035 -20833748.808 -999.000 0.208 -0.623 -999.000 24.976 12.457 -999.000 1760330756554593.500 507262288266431.562 -999.000
63.0 -15.0 32853813.841 -7988662.579 -999.000 24559046.261 -20879981.210 -999.000 0.204 -0.616 -999.000 24.964 12.463 -999.000 1685842814368606.250 501154128166315.938 -999.000
62.0 -15.0 32116782.059 -7814237.809 -999.000 23771042.400 -20418972.923 -999.000 0.203 -0.616 -999.000 24.959 12.462 -999.000 1598962114352686.000 478923989703978.312 -999.000
61.0 -15.0 31806817.973 -7859125.255 -999.000 22841746.803 -20023343.316 -999.000 0.198 -0.619 -999.000 24.932 12.460 -999.000 1535025826863069.500 463785811166463.750 -999.000
60.0 -15.0 30777036.992 -7746273.149 -999.000 22361176.960 -19547328.816 -999.000 0.200 -0.620 -999.000 24.941 12.459 -999.000 1447690541295499.250 443081393683462.062 -999.000
59.0 -15.0 29542074.978 -7267435.272 -999.000 22230824.453 -19246054.484 -999.000 0.205 -0.615 -999.000 24.961 12.464 -999.000 1369539594842957.250 424010395902843.250 -999.000
58.0 -15.0 28769928.610 -6940339.385 -999.000 21691815.590 -18984515.782 -999.000 0.206 -0.612 -999.000 24.967 12.465 -999.000 1300931323220478.250 409499121341006.375 -999.000
57.0 -15.0 27952953.037 -6736197.621 -999.000 21078766.373 -18576689.829 -999.000 0.206 -0.611 -999.000 24.967 12.466 -999.000 1228201094122353.500 391300506871321.250 -999.000
56.0 -15.0 27040619.140 -6649721.209 -999.000 20456588.631 -18025302.033 -999.000 0.206 -0.613 -999.000 24.963 12.465 -999.000 1151951482962748.000 369690960617951.750 -999.000
55.0 -15.0 26190516.454 -6614659.640 -999.000 19823197.224 -17369279.650 -999.000 0.206 -0.616 -999.000 24.957 12.462 -999.000 1083699172488093.875 346587955415829.688 -999.000
54.0 -15.0 25457432.316 -6365139.668 -999.000 18833889.566 -16950751.973 -999.000 0.203 -0.614 -999.000 24.953 12.463 -999.000 1005349425977993.125 329598792061944.438 -999.000
53.0 -15.0 24649655.897 -5976763.942 -999.000 18460202.833 -16759826.677 -999.000 0.205 -0.609 -999.000 24.964 12.465 -999.000 950610713070701.625 316941022217606.562 -999.000
52.0 -15.0 23812957.022 -5767003.187 -999.000 17837917.704 -16313923.380 -999.000 0.205 -0.608 -999.000 24.964 12.466 -999.000 887417516993641.250 299687528165615.312 -999.000
51.0 -15.0 22804872.771 -5791960.816 -999.000 17388143.158 -15604970.034 -999.000 0.207 -0.613 -999.000 24.959 12.463 -999.000 826693436362074.625 278245865906669.719 -999.000
50.0 -15.0 21960488.355 -5577017.668 -999.000 16766708.367 -15150351.333 -999.000 0.208 -0.612 -999.000 24.959 12.463 -999.000 767492147661739.375 261882258529830.188 -999.000
49.0 -15.0 21208131.310 -5306883.590 -403036.410 15787753.617 -14711593.445 4916010.360 0.204 -0.610 0.526 24.955 12.466 8.294 701359570384008.500 246050439103491.031 24517574315155.668
48.0 -15.0 20273974.432 -4925255.412 -265520.499 15580734.609 -14476746.889 4843096.996 0.209 -0.604 0.517 24.969 12.470 8.296 655220134522335.500 233948515008897.531 23545017594501.730
47.0 -15.0 19550661.272 -4723265.387 83.376 14807820.385 -14001413.878 4817785.280 0.206 -0.604 0.500 24.969 12.468 8.289 603311328709451.000 218419432091001.406 23268386560740.574
46.0 -15.0 18881273.706 -4809971.103 -874979.407 13860637.183 -13268785.012 4789761.705 0.202 -0.611 0.558 24.946 12.459 8.306 549078316207981.312 201110936435254.969 23748327767268.105
45.0 -15.0 17826036.731 -4231014.455 89362.453 13779224.054 -13138099.533 4539956.718 0.209 -0.599 0.494 24.980 12.472 8.285 508668774212243.312 191063601566535.656 20652010730827.043
44.0 -15.0 17522833.545 -4315018.674 875895.984 12606116.036 -12544534.539 4284822.282 0.199 -0.605 0.436 24.923 12.467 8.264 467219229779425.312 176164152606414.812 19352705406511.543
43.0 -15.0 16049599.791 -4105263.588 -3719498.125 12508469.631 -11827953.117 2084465.524 0.211 -0.606 0.838 24.964 12.467 8.385 417294470482452.500 158262541304244.688 20052657656256.293
42.0 -15.0 15379344.006 -3825362.684 -1114631.676 11479724.699 -11369371.774 4279392.571 0.204 -0.603 0.581 24.955 12.470 8.307 370523326286091.875 145268277453663.188 20025452694139.883
41.0 -15.0 14681722.349 -3772174.040 -1106083.888 10900111.547 -10828389.606 4346108.922 0.203 -0.607 0.579 24.950 12.460 8.310 334755328089426.375 133285447619244.484 20179034350277.363
40.0 -15.0 13769236.983 -3435933.576 -1265271.050 10278260.274 -10379754.632 4033417.702 0.204 -0.602 0.597 24.955 12.471 8.310 297467773111069.438 120930645109969.297 18404918704990.566
39.0 -15.0 13068026.906 -3645899.719 -586902.136 9927356.492 -9834044.506 3953654.218 0.207 -0.613 0.547 24.955 12.459 8.297 269867648929413.594 110945285124440.953 16434589322556.154
38.0 -15.0 12077975.615 -2880252.149 -703896.300 9527554.491 -9581157.828 3979540.662 0.213 -0.593 0.556 24.978 12.477 8.303 237193633205681.625 100285608326238.688 16349642459903.342
37.0 -15.0 11399973.818 -2702278.166 -543621.904 8829139.025 -9073927.291 3889353.492 0.210 -0.592 0.544 24.982 12.473 8.298 209114180912368.438 89805938994170.297 15493318990422.977
36.0 -15.0 10907974.379 -2821401.938 -1181967.026 7960469.090 -8503017.118 3510094.398 0.201 -0.602 0.603 24.930 12.467 8.316 182540290541774.812 80540287082073.297 13946152060199.730
35.0 -15.0 9895969.552 -2349653.615 -574634.338 7694869.352 -8072866.399 3632111.020 0.210 -0.590 0.550 24.985 12.474 8.299 158255718218871.062 70839903083881.516 13600769755065.164
34.0 -15.0 9648076.572 -2353094.238 -2920348.130 6774660.738 -7593179.227 1622969.994 0.195 -0.596 0.839 24.897 12.471 8.401 139906092588322.016 63282651542893.047 11216174731175.066
33.0 -15.0 8929178.100 -2170379.534 -2848351.510 6239471.703 -7105515.887 1510707.222 0.194 -0.594 0.845 24.892 12.471 8.403 119515242758897.953 55292095481322.141 10461638350484.215
32.0 -15.0 7696111.323 -1638709.889 -606692.680 6261447.347 -6693246.246 3059357.163 0.217 -0.576 0.562 25.009 12.484 8.301 98494902322528.641 48025797364272.789 9747334949160.236
31.0 -15.0 6963783.419 -1575985.230 -707219.251 5653740.914 -6138141.851 3019706.951 0.217 -0.580 0.573 24.990 12.485 8.306 80631176137416.000 40224998624367.734 9661430311276.904
30.0 -15.0 6299853.027 -1407656.235 -684533.638 5147685.028 -5661164.437 2862620.109 0.218 -0.578 0.575 24.992 12.486 8.307 66324576604098.148 34069745916002.031 8704434393821.813
29.0 -15.0 5856193.034 -1587360.781 -1039230.385 4281579.850 -4957770.737 2747332.449 0.201 -0.599 0.615 24.936 12.456 8.316 52637141405498.641 28506984338876.004 8670872821126.460
28.0 -15.0 5094495.641 -1052516.419 -598525.457 4254797.143 -4771322.330 2405131.364 0.222 -0.569 0.578 25.027 12.487 8.304 44135060897838.789 24266153327817.184 6145083804519.659
27.0 -15.0 4816096.383 -1296895.148 -959737.833 3269528.325 -4188795.285 2157477.598 0.190 -0.596 0.633 24.882 12.467 8.323 34111860008973.203 19466331011815.980 5782247068789.632
26.0 -15.0 3929127.986 -719492.073 -553974.275 3341927.642 -3855144.885 2045844.363 0.224 -0.559 0.584 25.041 12.492 8.305 26702753007424.512 15823411690703.537 4500737694950.892
25.0 -15.0 3581616.338 -1245809.227 -507192.722 2606835.376 -3109587.970 1846124.160 0.200 -0.621 0.585 24.912 12.444 8.304 19690352882241.160 11802667218356.314 3998306556089.729
24.0 -15.0 2918790.949 -1043551.815 -451146.889 2457267.554 -2887722.239 1676352.054 0.223 -0.610 0.584 25.044 12.458 8.304 14620810363916.021 9466941845646.588 3015637354269.266
23.0 -15.0 2621975.527 -926348.183 -376690.188 1778780.040 -2294241.913 1475261.720 0.190 -0.622 0.580 24.872 12.441 8.299 10055214478844.809 6598018843742.015 2638373317738.776
22.0 -15.0 2127984.478 -906011.691 -635317.187 1254351.193 -2001121.710 1497680.651 0.170 -0.635 0.628 24.826 12.405 8.317 6125078607092.381 4983636237538.796 2662086802282.451
21.0 -15.0 1679432.440 -663393.929 -89812.098 1262984.831 -1725538.385 1117581.012 0.205 -0.617 0.526 25.026 12.454 8.285 4426063766892.486 3431288587678.011 1265641463279.351
20.0 -15.0 1257471.061 -386290.993 -791364.186 888742.180 -1356579.156 666531.617 0.196 -0.588 0.777 24.848 12.464 8.366 2445400708931.470 2112066380450.813 1076417326718.598
19.0 -15.0 1092084.830 284801.715 -874855.534 514927.677 -1130314.736 133817.603 0.140 -0.422 0.952 24.686 12.583 8.391 1410743027094.445 1368096830773.705 940368146901.826
18.0 -15.0 541115.984 -147077.520 -261871.833 454788.350 -735464.716 505749.175 0.222 -0.563 0.652 25.004 12.493 8.321 536651102648.817 565942261521.230 386493884021.082
17.0 -15.0 -999.000 -249463.546 -999.000 -999.000 -511847.584 -999.000 -999.000 -0.644 -999.000 -999.000 12.447 -999.000 -999.000 326652444394.314 -999.000
16.0 -15.0 -999.000 -999.000 -999.000 -999.000 -999.000 -999.000 -999.000 -999.000 -999.000 -999.000 -999.000 -999.000 -999.000 -999.000 -999.000
90.0 -10.0 26990894.606 24765896.922 -5596054.377 -64329504.287 24337952.230 1358082.299 -0.374 0.247 0.924 25.056 12.522 8.361 4875296935475072.000 1207465250631551.750 33273189307058.434
89.0 -10.0 26844673.202 24708552.486 -5651341.599 -63988967.569 24274137.016 1402567.464 -0.374 0.247 0.923 25.056 12.522 8.361 4823638661372052.000 1201513009794561.500 34025922590877.324
88.0 -10.0 27027623.188 24463159.760 -5874663.452 -63684027.821 24248686.614 1133317.803 -0.372 0.249 0.939 25.061 12.523 8.365 4797158596108250.000 1187578017018812.750 36070207674388.312
87.0 -10.0 25865848.631 24431794.403 -5742366.807 -63768190.247 24261759.655 1414177.531 -0.377 0.249 0.923 25.041 12.522 8.357 4744789839023406.000 1187223005210577.500 35004150921117.492
86.0 -10.0 26171006.026 24257354.156 -5614889.827 -63150999.346 24322761.942 1637025.693 -0.375 0.250 0.910 25.049 12.525 8.354 4683707670981188.000 1180781903212920.750 34869650852980.105
85.0 -10.0 25985744.234 24195999.972 -5660443.435 -62707496.357 24179351.507 1681993.916 -0.375 0.250 0.908 25.049 12.525 8.354 4618096801363430.000 1171002514953055.000 35538641083707.281
84.0 -10.0 25320407.015 24136669.353 -5883349.131 -62433616.404 23952295.995 1533453.032 -0.377 0.249 0.919 25.041 12.522 8.356 4548111518616172.000 1157988389693691.750 36978513209043.031
83.0 -10.0 25631561.111 24089771.617 -5815689.762 -61588278.493 23656690.369 1366604.573 -0.374 0.247 0.927 25.053 12.522 8.361 4457116691698783.500 1141852481947973.250 37189792807347.727
82.0 -10.0 25417776.067 23993940.114 -5854838.755 -61071352.926 23483817.790 1411567.555 -0.374 0.247 0.925 25.053 12.522 8.360 4382675562282374.500 1129186735169934.500 37765720293512.711
81.0 -10.0 25632612.684 23773693.371 -6168752.940 -60424457.102 23374927.381 1427677.189 -0.372 0.247 0.928 25.061 12.522 8.361 4318177571901632.000 1112867643738188.875 40346630724399.242
80.0 -10.0 24466746.244 23631704.935 -6013343.023 -60310553.920 23357923.432 1714452.841 -0.377 0.248 0.912 25.041 12.522 8.355 4244500227171461.000 1105792898635944.500 39154803489269.102
79.0 -10.0 24528462.550 23298025.901 -6248120.561 -59463966.952 23551151.031 1655929.203 -0.375 0.252 0.918 25.051 12.526 8.357 4144880220085982.500 1099403845963045.375 42584358566338.250
78.0 -10.0 24427330.605 23261561.296 -5917905.185 -58925027.768 23123349.068 1875487.258 -0.375 0.249 0.902 25.049 12.525 8.353 4078389672771116.500 1076761639484983.125 39323551340646.711
77.0 -10.0 24167011.761 23084488.422 -5938676.114 -58291767.398 22938801.902 1919486.732 -0.375 0.249 0.901 25.049 12.525 8.352 3991336278129042.500 1060038580624363.250 39735619340779.102
76.0 -10.0 23520501.293 22506842.279 -6562108.175 -57476493.348 22863130.308 1186489.988 -0.376 0.253 0.943 25.049 12.526 8.371 3861750123014607.500 1032219270860925.875 44649773119518.617
75.0 -10.0 23461287.631 22605258.334 -6336957.997 -56891496.447 22751233.428 1808738.905 -0.375 0.251 0.912 25.051 12.525 8.355 3793737371930096.000 1030632863783435.000 44195204336196.188
74.0 -10.0 23143178.313 22890428.758 -6096437.566 -56315729.952 21884936.972 1746049.311 -0.376 0.243 0.911 25.045 12.519 8.356 3715288134215790.500 1005933059671010.000 40488129586565.641
73.0 -10.0 22869817.867 22179725.248 -6360435.395 -55475084.165 22309915.731 1867405.353 -0.376 0.251 0.909 25.051 12.525 8.355 3606849506760954.000 991680521252695.875 44716376772911.555
72.0 -10.0 22742928.967 22206870.672 -6068977.267 -54656361.141 21533609.871 1860756.822 -0.374 0.245 0.905 25.053 12.521 8.354 3510015705696065.000 958706790829848.750 41573456064558.344
71.0 -10.0 22424842.704 21968474.488 -6071753.964 -53899464.257 21294959.575 1894951.098 -0.374 0.245 0.904 25.053 12.521 8.354 3413321196923125.000 937915885006602.250 41724364192055.992
70.0 -10.0 21908066.944 21979455.173 -6112593.151 -53318772.498 20918344.515 1861999.300 -0.376 0.242 0.906 25.045 12.519 8.355 3330334192759451.500 923571530102251.250 41130397712528.336
69.0 -10.0 21578370.841 21723858.298 -6118284.115 -52522252.407 20665091.138 1860184.553 -0.376 0.242 0.906 25.045 12.519 8.355 3231500717016191.000 901813230899389.875 41210290753877.328
68.0 -10.0 21241229.349 21459917.109 -6112958.689 -51707491.091 20403874.493 1885442.645 -0.376 0.242 0.905 25.045 12.519 8.354 3131948359076397.500 879629732852989.125 41248133384073.000
67.0 -10.0 21513878.106 20845261.311 -6330838.790 -50579648.416 20309463.545 1835875.379 -0.372 0.246 0.910 25.063 12.521 8.357 3028522740228533.000 848232148079841.625 43565698700894.812
66.0 -10.0 20544907.901 20428603.428 -6376037.740 -49916329.389 20498463.002 1926372.747 -0.376 0.251 0.907 25.051 12.525 8.354 2918857535722497.500 839450321603828.250 45244825428586.266
65.0 -10.0 19827006.392 20338244.803 -6089255.707 -49335916.061 19833846.834 2166303.969 -0.378 0.246 0.891 25.037 12.521 8.349 2832527244837072.500 808621885681422.500 41880858125721.719
64.0 -10.0 19622822.985 20042710.322 -5935289.090 -47899833.215 19398877.527 1361907.591 -0.376 0.245 0.928 25.047 12.521 8.371 2683456731024147.000 778960774520853.125 40230605324152.656
63.0 -10.0 19167007.477 19297004.100 -6539790.455 -47202468.407 19465265.299 1473343.161 -0.377 0.251 0.929 25.047 12.526 8.368 2599186265049533.500 754010905170362.500 45179296212302.016
62.0 -10.0 19239427.266 19506734.048 -5995871.730 -46278489.176 18726614.857 1958076.893 -0.375 0.243 0.900 25.053 12.520 8.354 2515652701529957.000 732781918814014.500 41208567429276.484
61.0 -10.0 19243805.173 19069500.358 -6194756.958 -45263666.336 18487798.172 1953070.915 -0.372 0.245 0.903 25.063 12.521 8.355 2425181490831001.500 706573742443471.375 42264806877006.305
60.0 -10.0 18843563.998 18769871.457 -6173826.026 -44325773.501 18134753.230 1927463.195 -0.372 0.245 0.904 25.063 12.520 8.355 2325692852395829.000 682291741215224.750 41888529605339.016
59.0 -10.0 17633448.105 18021910.382 -6403057.679 -43454989.367 18155407.710 1559665.260 -0.377 0.251 0.924 25.047 12.526 8.366 2202617010984885.750 657269540927112.250 43661457054944.242
58.0 -10.0 17431082.232 17953082.522 -6152394.751 -42591208.942 17933187.401 2055034.115 -0.376 0.250 0.897 25.049 12.525 8.352 2121487640497553.500 645689231802375.000 42895190351991.852
57.0 -10.0 17201713.024 17699753.826 -5733379.729 -41676130.028 17371633.361 2288520.649 -0.375 0.247 0.879 25.048 12.524 8.347 2037904297500184.500 615701962940620.125 38916825946625.250
56.0 -10.0 16600523.752 17730984.454 -5767943.526 -40745878.792 16590570.589 2105242.346 -0.377 0.239 0.889 25.042 12.517 8.350 1940109259672899.250 591889635968995.250 37995610796531.828
55.0 -10.0 15899595.266 17080898.251 -5707175.782 -39891208.730 16507610.627 2308843.822 -0.379 0.245 0.878 25.034 12.520 8.345 1847366844356084.250 565546609899993.250 38013584694331.703
54.0 -10.0 15615657.899 16692939.064 -5522030.132 -38333107.778 16023245.065 1485826.133 -0.377 0.243 0.916 25.045 12.521 8.367 1715684825911695.750 536036002828745.812 35876837979873.336
53.0 -10.0 15106518.894 15887164.305 -6109750.205 -37513497.227 16015051.103 1599718.003 -0.378 0.251 0.918 25.045 12.526 8.365 1638220208493163.000 511818438415843.062 40083055658896.406
52.0 -10.0 14937746.435 15873935.453 -5666151.283 -36318150.263 15351255.706 2223396.422 -0.376 0.245 0.881 25.051 12.522 8.350 1546245519746012.750 488149174195885.750 37408481792104.102
51.0 -10.0 14256909.259 15143151.792 -5987676.239 -35449143.115 15249508.021 1587206.950 -0.378 0.251 0.918 25.045 12.526 8.365 1462466750472604.000 464790421450390.375 38555700823195.641
50.0 -10.0 14071791.691 15046563.515 -5718061.104 -34492353.888 14968688.366 2064814.846 -0.377 0.249 0.890 25.049 12.525 8.350 1390100877462439.000 451976343030021.500 37632407542926.422
49.0 -10.0 13777551.294 14737243.780 -5253777.194 -33527209.614 14377752.733 2302074.730 -0.376 0.246 0.869 25.046 12.524 8.343 1317311378058779.750 424371898966363.188 33694424337380.207
48.0 -10.0 13383228.224 14578231.292 -5203501.604 -32193188.600 13659956.796 2414249.002 -0.375 0.240 0.862 25.054 12.519 8.344 1217487593619472.000 400056615992765.375 33195907703048.215
47.0 -10.0 13378187.826 13956871.524 -5422479.066 -31158186.065 13370341.341 1930535.110 -0.371 0.243 0.891 25.068 12.520 8.351 1153048992452142.000 374302264711059.875 33298593934606.371
46.0 -10.0 12487183.835 13670832.830 -5113410.863 -30206833.300 12874400.666 2045939.027 -0.375 0.240 0.879 25.051 12.518 8.347 1069800016389920.500 353610436216897.625 31295986221397.703
45.0 -10.0 11628033.712 12744916.525 -5522279.596 -29136490.069 12881736.918 1532433.175 -0.379 0.252 0.914 25.044 12.527 8.365 986169811471928.000 331194676343303.750 33002018277327.422
44.0 -10.0 12045509.120 12736659.501 -5157266.216 -27973373.636 12137493.349 1874553.011 -0.371 0.242 0.889 25.070 12.519 8.351 930320104524042.375 310184307418439.250 30320840594209.684
43.0 -10.0 10958670.518 12674926.428 -4823174.937 -27226569.291 11523935.221 2029553.093 -0.378 0.235 0.873 25.036 12.515 8.345 863419894736739.750 295051264675494.375 27588071174202.281
42.0 -10.0 10689527.673 11887249.643 -4650324.778 -26114957.908 11544987.462 2207725.223 -0.376 0.245 0.859 25.044 12.525 8.340 798436735303675.500 274877440451042.812 27169564277271.902
41.0 -10.0 10254596.395 11475288.165 -4556120.643 -25052832.642 11128703.655 2181427.689 -0.376 0.245 0.858 25.044 12.525 8.340 734840773822822.375 255798044214079.312 26170671516797.836
40.0 -10.0 9639818.073 11406328.612 -4521865.521 -24045393.756 10300766.235 1976733.852 -0.379 0.234 0.869 25.035 12.514 8.344 672957733799444.375 237630697253407.594 24554938685934.180
39.0 -10.0 9219659.051 10979775.670 -4406955.838 -22976919.125 9874572.834 1948274.643 -0.379 0.233 0.868 25.035 12.514 8.343 614760718494329.875 219458398205709.375 23414185944195.535
38.0 -10.0 8630844.706 10254042.440 -4192181.047 -21516033.113 9614092.356 1225250.255 -0.379 0.240 0.909 25.041 12.519 8.368 538016699857362.562 197839698964739.969 21771905894482.637
37.0 -10.0 8577817.501 9984071.279 -4087572.293 -20534588.600 9145010.026 2184898.595 -0.374 0.236 0.844 25.058 12.517 8.338 495974301396103.688 183970316864436.531 21756285472708.832
36.0 -10.0 7904497.954 9690631.362 -4056542.107 -19849330.906 8621659.952 1862100.403 -0.379 0.231 0.863 25.031 12.513 8.342 458004395028740.312 169580764182717.906 20095994397146.250
35.0 -10.0 7496165.059 9264784.745 -3936250.865 -18812768.129 8202934.166 1829500.232 -0.379 0.231 0.862 25.031 12.513 8.341 411603977099677.188 154445829123427.656 19002346546567.566
34.0 -10.0 6825149.818 8089637.774 -4359473.606 -17581892.921 8306573.427 1174183.804 -0.382 0.254 0.916 25.038 12.531 8.367 356902165845642.250 137301364139779.891 20520857118636.664
33.0 -10.0 6659405.804 8346394.253 -3691314.951 -16770153.344 7442442.099 1723682.477 -0.380 0.232 0.861 25.029 12.514 8.341 326921089577473.750 126221080859909.359 16757398673625.695
32.0 -10.0 6087023.171 7675126.051 -3625001.823 -15355575.570 7123108.359 818569.237 -0.380 0.238 0.929 25.037 12.519 8.383 273198203676744.906 109797773639315.688 15370867207367.910
31.0 -10.0 6059608.043 7407446.310 -3286727.089 -14432096.895 6657750.087 1947489.489 -0.373 0.233 0.830 25.061 12.516 8.334 245296030916285.062 99818269486423.047 14903353130095.830
30.0 -10.0 5431952.299 7056036.056 -3275111.168 -13809327.308 6212682.482 1599832.544 -0.381 0.230 0.855 25.024 12.513 8.339 221232259222171.125 89459891464049.422 13396518165628.836
29.0 -10.0 5231828.877 6468670.974 -3150735.437 -12642317.846 5859982.770 1629900.400 -0.375 0.234 0.848 25.053 12.516 8.337 187606305004201.094 76762997992108.516 12979357954321.088
28.0 -10.0 5322255.302 5948872.971 -3241288.747 -11562705.614 5543414.385 1303592.817 -0.363 0.239 0.878 25.100 12.518 8.347 162936639427187.906 66873981487196.406 12602056296719.748
27.0 -10.0 4505127.325 5731071.145 -2720624.867 -10633480.612 5050474.612 1705973.820 -0.372 0.230 0.822 25.066 12.516 8.331 133535001311310.875 58947398478351.391 10581256613915.086
26.0 -10.0 3638835.038 4744361.885 -3235589.201 -9861929.714 5006289.190 757455.010 -0.387 0.259 0.927 25.027 12.537 8.371 111684262162216.594 49971610582386.453 11102339687041.182
25.0 -10.0 3571735.083 4663720.436 -2652246.949 -8809835.836 4429380.136 1327279.800 -0.377 0.242 0.852 25.053 12.528 8.344 91425516832423.219 41372160658655.359 9035877248461.141
24.0 -10.0 3193032.230 4462215.310 -2365350.018 -8342781.866 4022364.151 1292871.900 -0.384 0.233 0.841 25.008 12.519 8.334 80636774548345.031 36665355626759.961 7335579933970.638
23.0 -10.0 3090461.558 4085817.338 -2062849.845 -7159449.094 3570989.035 1464871.386 -0.370 0.229 0.803 25.077 12.518 8.325 60877347716869.609 30008507638081.465 6668229332267.721
22.0 -10.0 2553181.735 3490773.625 -2175916.990 -6321281.020 3322448.189 1133703.345 -0.378 0.242 0.847 25.055 12.531 8.343 47390517017020.406 23290493278332.867 6237974152507.892
21.0 -10.0 1875080.688 3202966.565 -1769033.416 -6084960.390 3006385.468 1222086.559 -0.405 0.240 0.808 24.941 12.518 8.318 40624398386535.398 19563561581172.594 4810265189071.830
20.0 -10.0 1940448.480 2737088.640 -1872907.099 -4788961.165 2622910.521 933232.598 -0.377 0.243 0.853 25.060 12.535 8.346 27480837146006.332 14493251644637.602 4530054684977.864
19.0 -10.0 2198581.373 2420792.999 -1799042.988 -4097888.486 2225403.837 697711.276 -0.343 0.237 0.882 25.166 12.520 8.346 22253906815712.660 11726834384334.338 4072806680538.547
18.0 -10.0 1605410.015 2236991.812 -1213885.295 -3436308.066 1855511.298 1051191.105 -0.361 0.220 0.773 25.120 12.519 8.311 14463969626228.980 8915307179425.264 2837302999586.890
17.0 -10.0 747958.235 1803716.805 -1086831.596 -3312264.246 1672298.144 863931.049 -0.429 0.238 0.786 24.864 12.516 8.302 11538042917531.131 6233807283904.977 2079786441314.656
16.0 -10.0 905723.517 1391260.179 -1167478.499 -2142178.119 1358119.115 607212.088 -0.373 0.246 0.847 25.103 12.553 8.347 5961018114815.192 3936814430755.174 1837364055584.818
15.0 -10.0 966385.826 119625.620 -1054801.003 -1747448.731 1521948.779 461334.584 -0.339 0.475 0.869 25.179 12.726 8.334 4249548466325.320 2823920686295.620 1506231376600.676
14.0 -10.0 764636.605 719977.631 -731762.164 -1238745.420 946035.848 321595.209 -0.324 0.293 0.868 25.195 12.583 8.339 2120675173219.317 1417241406461.054 795843842750.560
13.0 -10.0 90942.013 782911.427 -356772.142 -1151488.346 396440.302 599808.929 -0.475 0.149 0.671 24.765 12.448 8.243 1339078008334.337 774647505370.547 480023671905.152
12.0 -10.0 70647.890 635727.824 -512640.649 -644987.121 64455.634 203080.192 -0.465 0.032 0.880 24.978 12.375 8.321 426094880086.515 402446066223.425 342746570747.169
11.0 -10.0 -999.000 -999.000 -999.000 -999.000 -999.000 -999.000 -999.000 -999.000 -999.000 -999.000 -999.000 -999.000 -999.000 -999.000 -999.000
90.0 -5.0 -65527202.142 -30392411.382 -999.000 -15184701.117 -13737511.550 -999.000 -0.928 -0.865 -999.000 25.070 12.522 -999.000 4531268793962026.000 1113753905937177.375 -999.000
89.0 -5.0 -65485473.558 -30374155.536 -999.000 -14190252.560 -13627808.173 -999.000 -0.932 -0.866 -999.000 25.051 12.522 -999.000 4499642306697868.000 1110960800881567.875 -999.000
88.0 -5.0 -65143016.217 -30325720.007 -4764353.481 -15089508.194 -13639562.732 -2894536.412 -0.928 -0.865 -0.826 25.070 12.522 8.324 4478112907102635.000 1107086744765230.000 31201530134487.277
87.0 -5.0 -64971769.717 -30286514.410 -999.000 -13820235.783 -13459356.993 -999.000 -0.933 -0.867 -999.000 25.045 12.522 -999.000 4421363397970472.000 1100087608095523.375 -999.000
86.0 -5.0 -64623000.701 -30169345.489 -4180268.076 -14220911.849 -13263502.951 -3698737.437 -0.931 -0.868 -0.769 25.053 12.520 8.349 4389017895704196.000 1088430862970389.500 31398388632833.055
85.0 -5.0 -64502092.734 -30139692.143 -3872743.330 -14447909.698 -13403640.916 -4117687.549 -0.930 -0.867 -0.740 25.061 12.520 8.365 4375191954876412.000 1089748301459778.625 32286029696685.941
84.0 -5.0 -64191071.227 -30043363.420 -3899294.098 -14374917.747 -13346657.299 -4119052.937 -0.930 -0.867 -0.741 25.061 12.520 8.365 4333009061631697.000 1082430362942704.250 32501754110213.750
83.0 -5.0 -63688275.668 -29889964.643 -4248000.010 -14010096.868 -13071986.250 -3714912.559 -0.931 -0.869 -0.771 25.053 12.519 8.349 4262874190898571.500 1066583464457196.750 32079489929828.953
82.0 -5.0 -63359879.827 -29761222.174 -4892953.572 -14654826.354 -13370913.076 -2929057.460 -0.928 -0.866 -0.828 25.070 12.522 8.324 4235680263575339.500 1065840895242721.625 32645932794583.625
81.0 -5.0 -63154754.477 -29437240.785 -4190541.597 -13673145.811 -13486082.692 -3774096.956 -0.932 -0.863 -0.767 25.053 12.524 8.354 4182378161833025.000 1050729612229817.750 32014893346787.422
80.0 -5.0 -62690190.773 -29518900.990 -3973381.864 -14025714.000 -13106165.790 -4123336.630 -0.930 -0.867 -0.744 25.061 12.520 8.364 4132411835986049.000 1044810522801130.250 33113898371047.832
79.0 -5.0 -62396789.269 -29625092.175 -3360330.840 -13706079.217 -12642269.405 -4883134.498 -0.931 -0.872 -0.692 25.056 12.518 8.385 4087884567819898.500 1040120295941387.375 35408889573464.867
78.0 -5.0 -61729025.053 -29186090.507 -4317367.017 -13007723.713 -12886661.166 -3867830.814 -0.934 -0.868 -0.767 25.044 12.522 8.352 3987608036934398.500 1019502969580967.250 33804278164762.727
77.0 -5.0 -61446713.272 -29285579.688 -3308180.149 -13491897.331 -12434797.887 -4932035.540 -0.931 -0.872 -0.688 25.056 12.517 8.387 3964187329306648.500 1014901606565310.000 35488839157733.227
76.0 -5.0 -60857710.156 -28851062.884 -3963904.579 -13148182.892 -12784636.087 -4285982.802 -0.932 -0.867 -0.738 25.049 12.521 8.366 3887014929650389.500 997258399107090.375 34351450884757.867
75.0 -5.0 -60272813.522 -28604968.147 -4409499.138 -12925094.478 -12659538.148 -3688830.435 -0.933 -0.867 -0.778 25.049 12.521 8.347 3808228884697370.000 981059911599419.000 33062523296852.855
74.0 -5.0 -59843755.187 -28659081.121 -3346375.095 -13130666.238 -12161501.383 -4894290.794 -0.931 -0.872 -0.691 25.056 12.517 8.386 3759795262919711.500 971770226638580.750 35394744372173.695
73.0 -5.0 -59131725.217 -28153536.081 -4415527.829 -12678052.904 -12455919.666 -3665765.884 -0.933 -0.867 -0.779 25.049 12.521 8.347 3665371805834371.000 950281158436057.125 32936672135944.809
72.0 -5.0 -58444188.096 -27904237.114 -4358817.233 -12312854.971 -12303200.442 -3790038.005 -0.934 -0.868 -0.772 25.044 12.522 8.351 3574523509816600.000 931480455750690.000 33569045473941.855
71.0 -5.0 -57933178.864 -27425698.376 -4270977.825 -12520162.178 -12549690.788 -3667577.022 -0.932 -0.863 -0.774 25.053 12.524 8.352 3518772748592654.000 911855193550973.875 31932429412940.875
70.0 -5.0 -57382411.806 -27677940.280 -3275538.475 -12583978.518 -11679946.339 -4895370.363 -0.931 -0.873 -0.688 25.056 12.517 8.387 3456676298052878.500 904891887954494.250 34875245965076.668
69.0 -5.0 -56415761.640 -27098799.150 -4354770.623 -12305611.617 -11719786.109 -3597912.238 -0.932 -0.870 -0.780 25.051 12.518 8.347 3342381792678699.000 873708315513492.250 32071442164940.680
68.0 -5.0 -55863480.501 -26854975.399 -4247583.573 -12502928.582 -11330433.131 -3994465.019 -0.930 -0.873 -0.760 25.058 12.517 8.358 3283639826456206.500 851928617226031.000 34142098218511.707
67.0 -5.0 -55030942.470 -26519414.888 -4926033.108 -12773839.875 -11784714.629 -2780090.575 -0.927 -0.867 -0.836 25.072 12.521 8.322 3196175105440749.000 843265637660077.500 32051842224789.117
66.0 -5.0 -54434901.846 -26248585.606 -4013481.305 -12140416.855 -11528202.482 -3906680.629 -0.930 -0.868 -0.754 25.061 12.519 8.362 3114969060462226.000 823374224210964.875 31728885366234.199
65.0 -5.0 -53519567.172 -25864819.758 -4278419.597 -11679434.776 -11218713.364 -3539395.518 -0.932 -0.870 -0.780 25.051 12.518 8.348 3008250948586996.000 796757831894103.125 31034073952856.539
64.0 -5.0 -52754143.318 -25346547.299 -4131828.391 -11386872.746 -11529082.655 -3716929.898 -0.932 -0.864 -0.767 25.049 12.524 8.352 2917062762280655.500 777819996599053.625 30995229748773.906
63.0 -5.0 -51976951.764 -25225267.508 -4855923.701 -12137555.057 -11199863.585 -2691228.866 -0.927 -0.867 -0.839 25.074 12.521 8.322 2852813420221684.500 762745606715382.250 30840790448336.980
62.0 -5.0 -51450112.832 -25188239.884 -3137219.387 -11264958.328 -10514207.393 -4741264.464 -0.931 -0.874 -0.686 25.056 12.516 8.389 2778403703836040.000 747077942832656.125 32439009744384.262
61.0 -5.0 -50624912.430 -24828932.580 -3120494.302 -11079869.805 -10361697.011 -4709229.919 -0.931 -0.874 -0.686 25.056 12.516 8.389 2689880455956903.000 725871854377665.000 32030566525310.652
60.0 -5.0 -49657315.409 -24196567.054 -4255801.951 -10546749.589 -10593526.219 -3365847.291 -0.933 -0.869 -0.787 25.047 12.520 8.346 2582799628448379.500 699767379704971.750 29495504212760.473
59.0 -5.0 -48793388.450 -23870515.986 -3892194.635 -10846948.642 -10322283.770 -3687482.435 -0.930 -0.870 -0.759 25.061 12.518 8.361 2502144492368873.500 677638685268717.375 29098359235971.500
58.0 -5.0 -47914721.583 -23453787.506 -4200695.324 -10173195.629 -10220703.610 -3300723.428 -0.933 -0.869 -0.788 25.047 12.519 8.345 2404675529151384.000 656510606760522.625 28604187850796.895
57.0 -5.0 -46878051.059 -23020603.463 -4685739.976 -10953262.556 -10168909.932 -2520942.892 -0.927 -0.868 -0.843 25.075 12.520 8.320 2320493778012700.000 634193889077081.125 28337837297490.043
56.0 -5.0 -46107514.481 -22656288.643 -4136459.522 -9786511.496 -9872170.500 -3222327.347 -0.933 -0.869 -0.789 25.047 12.519 8.345 2226682136604191.000 612650668589743.250 27565501362070.238
55.0 -5.0 -45038201.269 -22210217.117 -4632230.630 -10586411.266 -9810695.431 -2404755.991 -0.927 -0.868 -0.848 25.077 12.520 8.319 2143073431028639.500 590318505533664.250 27294635610275.180
54.0 -5.0 -44242120.201 -21873524.595 -3743164.291 -9887103.007 -9418122.705 -3480010.690 -0.930 -0.871 -0.762 25.063 12.518 8.360 2058203990064128.250 568270335665075.500 26466011513607.348
53.0 -5.0 -43268376.846 -21430039.222 -3911122.850 -9747907.834 -8793133.458 -3504035.997 -0.929 -0.876 -0.767 25.060 12.515 8.357 1971184378047171.500 538307838380367.000 27652677977407.285
52.0 -5.0 -42309286.992 -20997482.524 -3875718.894 -9530574.513 -8612962.478 -3458779.911 -0.929 -0.876 -0.768 25.060 12.515 8.357 1884743632547729.500 516764885127495.750 27057545758754.820
51.0 -5.0 -41376725.642 -20557169.080 -3946182.877 -8699271.301 -8914337.015 -3017598.649 -0.934 -0.870 -0.792 25.045 12.519 8.344 1791686083770752.000 503700707375478.812 24763329836709.305
50.0 -5.0 -40384467.808 -20152078.593 -3600387.182 -8999153.352 -8639602.592 -3287353.010 -0.930 -0.871 -0.764 25.063 12.517 8.360 1714557922039768.500 481721907593686.375 24109100043346.129
49.0 -5.0 -39221139.631 -19609282.260 -3850768.550 -8494809.631 -8340193.621 -2876149.489 -0.932 -0.872 -0.796 25.049 12.517 8.343 1614715260186340.250 455276855813847.312 23253535403604.055
48.0 -5.0 -38381461.881 -19217526.339 -3804075.720 -8063988.061 -8295064.019 -2875614.134 -0.934 -0.870 -0.794 25.045 12.519 8.344 1541641827442095.750 439594565273083.688 22828391529165.855
47.0 -5.0 -37300640.614 -18742452.368 -3794547.506 -7539029.030 -8049792.839 -2827361.565 -0.937 -0.871 -0.796 25.035 12.520 8.343 1450576752030231.750 416882113379720.812 22592024564118.898
46.0 -5.0 -36339103.765 -18300609.311 -3730038.673 -7632425.157 -7864759.777 -2738326.578 -0.934 -0.871 -0.798 25.045 12.518 8.343 1381940507958327.250 398119089029512.125 21491764545921.266
45.0 -5.0 -35288351.471 -17833312.865 -3557455.862 -7942192.694 -7157159.272 -3104700.213 -0.930 -0.879 -0.772 25.060 12.513 8.356 1311020521119587.250 370614749629034.750 22349514491351.309
44.0 -5.0 -34276311.735 -17382251.459 -3320856.238 -7659700.545 -7391913.621 -2951876.108 -0.930 -0.872 -0.769 25.065 12.516 8.359 1235542724970319.750 357524984172023.062 20070885665638.840
43.0 -5.0 -33292681.303 -16915472.210 -3242580.912 -7031650.641 -7253858.637 -3092898.036 -0.934 -0.871 -0.758 25.044 12.519 8.361 1163046216380767.000 339471775555955.938 20482662040634.398
42.0 -5.0 -32127661.767 -16372586.643 -3519671.222 -6396439.607 -6984512.440 -2555391.408 -0.937 -0.872 -0.800 25.031 12.519 8.342 1074647043814825.500 317494060200117.312 19095846028441.508
41.0 -5.0 -30962005.003 -15650078.691 -3299629.649 -6585829.919 -7075974.647 -2645892.836 -0.933 -0.865 -0.785 25.045 12.523 8.347 1003380675522831.250 297385424442136.625 17890304845464.234
40.0 -5.0 -30013998.043 -15380425.504 -3395332.740 -5929336.836 -6553948.559 -2422728.914 -0.938 -0.872 -0.803 25.029 12.519 8.342 937227927283673.000 280093357320173.750 17569911239811.646
39.0 -5.0 -28851436.918 -14659746.343 -3201916.963 -6089195.246 -6630016.498 -2478049.995 -0.934 -0.865 -0.790 25.044 12.523 8.345 870692130135498.375 261303132231294.719 16414646227691.725
38.0 -5.0 -27958318.859 -14408273.445 -3239410.181 -5769040.262 -6142867.117 -2287150.331 -0.935 -0.872 -0.804 25.042 12.517 8.341 816772717662375.500 246426967902881.406 15784666862346.152
37.0 -5.0 -26950210.488 -13954408.056 -2884379.528 -5659091.167 -5924870.672 -2698780.315 -0.934 -0.872 -0.761 25.042 12.518 8.361 762653101151571.625 230356640206531.812 16013598111785.305
36.0 -5.0 -25835057.006 -13413988.685 -3101853.054 -5327262.984 -5694967.949 -2167801.844 -0.935 -0.872 -0.806 25.042 12.517 8.341 697419801229683.250 213414706420017.219 14372097714105.854
35.0 -5.0 -24679568.716 -12896514.230 -3078114.823 -4929900.973 -5419160.555 -2072977.248 -0.937 -0.873 -0.811 25.031 12.518 8.338 634438079867065.750 196143614658553.812 13921130951072.502
34.0 -5.0 -23547571.403 -12159665.710 -2859917.111 -4936948.154 -5503666.460 -2145328.179 -0.934 -0.865 -0.795 25.042 12.523 8.344 579768100002602.375 180648801466826.750 12805489880300.686
33.0 -5.0 -22638321.837 -11901545.008 -2833333.592 -5134218.851 -4486360.282 -2285871.455 -0.929 -0.885 -0.784 25.061 12.508 8.354 539952506994490.500 162605065400952.125 13321741978487.133
32.0 -5.0 -21738355.057 -11664085.263 -1982836.186 -4701941.818 -4333533.872 -2973272.159 -0.932 -0.887 -0.687 25.058 12.507 8.391 495598839701984.812 155644068484086.625 12783466564887.801
31.0 -5.0 -20385963.249 -10646287.012 -2632573.899 -4293625.640 -4844757.089 -1938396.676 -0.934 -0.864 -0.798 25.042 12.524 8.343 434783017077850.750 139272002572668.469 10711961722786.967
30.0 -5.0 -19506177.505 -10391728.003 -2636655.355 -4457178.392 -3808736.635 -2042161.185 -0.928 -0.888 -0.790 25.063 12.506 8.352 401170100937878.938 123424147628436.016 11182031699729.035
29.0 -5.0 -18320467.512 -9651620.295 -2501080.196 -3834995.811 -4397230.930 -1767512.183 -0.934 -0.864 -0.804 25.041 12.524 8.341 351006642456719.125 114904948953608.062 9395156348130.059
28.0 -5.0 -17443813.185 -9379211.551 -2475413.671 -4022612.181 -3363157.287 -1891112.035 -0.928 -0.890 -0.792 25.065 12.504 8.352 321113114165493.375 100273652724557.406 9759715966298.781
27.0 -5.0 -16423828.366 -8874921.396 -2387736.779 -3817063.662 -3129605.833 -1813802.139 -0.927 -0.892 -0.793 25.066 12.502 8.352 284878867839217.938 89596912533601.172 9044495862828.988
26.0 -5.0 -15365622.174 -8379395.955 -2360477.580 -2850687.110 -3422748.645 -1394054.799 -0.942 -0.877 -0.830 25.014 12.517 8.331 244744576234017.094 82179818967013.922 7643392207583.319
25.0 -5.0 -14435128.580 -7883944.581 -2215385.534 -3380916.664 -2686622.522 -1667381.973 -0.927 -0.895 -0.795 25.068 12.499 8.352 220233358805946.188 70445596858816.766 7737395816075.308
24.0 -5.0 -13492053.620 -7428118.751 -2107133.144 -2619670.298 -3068831.138 -1363361.294 -0.939 -0.875 -0.817 25.030 12.513 8.338 189231367458443.344 65211225015314.039 6308781993132.648
23.0 -5.0 -12622220.774 -6989745.395 -1812137.862 -2435981.702 -2865365.300 -1666074.742 -0.939 -0.876 -0.763 25.020 12.515 8.362 167679826786977.406 57217270831130.953 6403017808000.216
22.0 -5.0 -11672887.308 -6512837.565 -1725613.791 -2243837.131 -2659593.170 -1583977.126 -0.940 -0.877 -0.764 25.019 12.514 8.362 143596157663387.625 49620229424227.484 5818876683924.545
21.0 -5.0 -10572812.740 -5981388.702 -1902973.188 -1766029.086 -2386786.140 -1041358.654 -0.947 -0.879 -0.841 24.990 12.515 8.327 115561051040530.781 41637127049559.625 4795060311321.574
20.0 -5.0 -9573393.558 -5322009.486 -1705599.196 -1924101.881 -2432831.655 -1092457.811 -0.937 -0.863 -0.819 25.028 12.523 8.335 95750443477564.578 36329528116090.164 4121347966866.117
19.0 -5.0 -8837230.901 -5026937.742 -1705314.101 -2188776.623 -1447129.165 -1191597.037 -0.923 -0.911 -0.806 25.080 12.486 8.350 83012742297093.328 28360767251833.230 4354815680963.935
18.0 -5.0 -7833268.725 -4430030.579 -1522062.381 -1547908.624 -2051940.740 -958664.577 -0.938 -0.862 -0.821 25.022 12.524 8.334 64170153872763.875 25800814392131.992 3253727497894.921
17.0 -5.0 -7184038.891 -4246805.158 -1442722.567 -1238079.262 -1659346.119 -898054.429 -0.946 -0.881 -0.823 25.009 12.506 8.336 53216965128749.406 21160400225505.711 2900892921311.040
16.0 -5.0 -6385475.335 -3851811.702 -1176800.892 -1587686.777 -1335391.840 -1004072.417 -0.922 -0.894 -0.775 25.120 12.493 8.365 43629298364003.219 16651694407109.111 2525819032658.222
15.0 -5.0 -5414439.175 -3342389.186 -1436084.550 -1856794.757 -1416547.329 -666566.671 -0.895 -0.872 -0.862 25.225 12.510 8.308 32896476251345.219 13185223742723.799 2523195130415.529
14.0 -5.0 -4644150.542 -2737178.894 -1123325.636 -867594.958 -1345490.532 -711806.927 -0.941 -0.855 -0.820 25.000 12.529 8.333 22722179626576.062 10848131430716.215 1779319333354.416
13.0 -5.0 -3977387.781 -2634713.389 -1098434.169 -782567.655 -595692.332 -530599.981 -0.938 -0.929 -0.857 24.998 12.461 8.326 17276145127630.494 7368487625186.210 1494012477739.974
12.0 -5.0 -3404700.710 -2078033.276 -1092483.449 -982761.541 -251984.623 -651033.667 -0.911 -0.962 -0.829 25.113 12.416 8.347 12585799127633.957 4852226236188.811 1619020361181.916
11.0 -5.0 -2863504.949 -1837958.044 -276174.266 -872552.229 -937979.892 -1129999.444 -0.906 -0.850 -0.576 25.157 12.529 8.417 9010037981783.988 4264551979804.388 1523858380445.865
10.0 -5.0 -2449712.608 -1511907.184 -671078.852 235146.917 -590020.609 -623061.757 0.970 -0.882 -0.762 24.742 12.508 8.370 6010722076004.464 2635941095329.204 1009416589461.116
9.0 -5.0 -1607180.636 -1278713.954 -393767.492 -60715.491 -212932.059 -535290.767 0.108 -0.947 -0.702 24.896 12.453 8.356 2592667326991.654 1687451684710.017 520668628278.817
8.0 -5.0 -1115294.552 -769174.394 -565805.365 -292023.063 -306121.890 -121038.429 -0.919 -0.879 -0.933 25.153 12.480 8.295 1337136633689.234 687513174195.581 396002842700.763
7.0 -5.0 -686308.664 -464372.182 -999.000 -185255.815 -235315.340 -999.000 -0.916 -0.851 -999.000 25.179 12.480 -999.000 506164451357.295 272775350290.551 -999.000
6.0 -5.0 -999.000 -999.000 -999.000 -999.000 -999.000 -999.000 -999.000 -999.000 -999.000 -999.000 -999.000 -999.000 -999.000 -999.000 -999.000
90.0 0.0 -66543489.613 -32792642.451 -999.000 5240899.251 5199230.145 -999.000 0.975 0.950 -999.000 25.049 12.524 -999.000 4464402633944980.500 1103579691808074.375 -999.000
89.0 0.0 -66878135.727 -32691516.363 -5546229.537 4789607.827 5166334.499 377418.133 0.977 0.950 0.978 25.060 12.522 8.363 4502290928818859.000 1097229291462676.750 31126219088650.023
88.0 0.0 -66735850.559 -32687835.499 -5421784.108 5156962.571 4714467.266 629361.250 0.975 0.954 0.963 25.053 12.526 8.357 4488146114257597.500 1092501341236469.375 29931038176124.332
87.0 0.0 -66435715.084 -32587764.977 -999.000 5017318.746 5168795.367 -999.000 0.976 0.950 -999.000 25.053 12.523 -999.000 4445484674574362.500 1089711855040652.875 -999.000
86.0 0.0 -66483358.777 -32587264.651 -999.000 5168430.788 5387071.724 -999.000 0.975 0.948 -999.000 25.051 12.521 -999.000 4456958681880521.000 1093297737827895.375 -999.000
85.0 0.0 -66216474.589 -32480102.806 -999.000 5000511.544 5151576.287 -999.000 0.976 0.950 -999.000 25.053 12.523 -999.000 4416182933804395.000 1082521579596968.000 -999.000
84.0 0.0 -66246269.764 -32560571.356 -5540658.458 5269352.815 5094707.590 147246.001 0.975 0.951 0.897 25.047 12.523 8.365 4427070290403179.000 1088723169172742.625 30965571852930.832
83.0 0.0 -66286503.110 -32491034.669 -5680428.752 4755469.880 5301188.165 -363770.478 0.977 0.949 -0.980 25.058 12.521 8.377 4424981858181403.500 1085158062258396.250 32503228377205.191
82.0 0.0 -65696648.748 -32154292.858 -999.000 4925265.578 5237125.323 -999.000 0.976 0.949 -999.000 25.053 12.522 -999.000 4350066951428960.000 1063166942360385.875 -999.000
81.0 0.0 -65850585.788 -32277360.810 -5645129.245 4724283.957 5265445.490 -366371.332 0.977 0.949 -0.979 25.058 12.521 8.377 4366970555143026.500 1070922286198606.250 32104826565834.184
80.0 0.0 -65207339.560 -31914315.988 -999.000 4887600.864 5197235.339 -999.000 0.976 0.949 -999.000 25.053 12.522 -999.000 4285508808551749.000 1047355909008151.500 -999.000
79.0 0.0 -65280799.473 -31937619.412 -999.000 4100045.317 4956691.035 -999.000 0.980 0.951 -999.000 25.070 12.523 -999.000 4285632310491863.000 1045784948420046.875 -999.000
78.0 0.0 -64736559.929 -31734249.882 -999.000 5143937.783 5242410.511 -999.000 0.975 0.948 -999.000 25.049 12.521 -999.000 4226745675069353.500 1036806501294361.500 -999.000
77.0 0.0 -64494297.299 -31584844.103 -5240879.708 4984400.044 4550656.399 617828.039 0.975 0.954 0.963 25.053 12.526 8.357 4191684922682781.500 1020039232227732.000 27981611865832.961
76.0 0.0 -63899847.363 -31342768.931 -999.000 4822128.135 4968616.452 -999.000 0.976 0.950 -999.000 25.053 12.523 -999.000 4112476357024093.000 1008007291147493.125 -999.000
75.0 0.0 -63511308.131 -31152181.155 -999.000 4792499.825 4938278.543 -999.000 0.976 0.950 -999.000 25.053 12.523 -999.000 4062601590856117.500 995783708211274.750 -999.000
74.0 0.0 -63437153.572 -31000171.247 -5269056.742 4439388.365 4888797.989 362202.854 0.978 0.950 0.978 25.061 12.522 8.363 4050001458507207.500 986583015747253.375 28108393267635.273
73.0 0.0 -63026555.352 -30832790.081 -999.000 3966365.614 4779520.670 -999.000 0.980 0.951 -999.000 25.070 12.523 -999.000 3994780838831018.500 974630385201329.125 -999.000
72.0 0.0 -62194491.260 -30506412.611 -999.000 4692684.460 4836135.016 -999.000 0.976 0.950 -999.000 25.053 12.523 -999.000 3895837441209639.000 954927211643434.125 -999.000
71.0 0.0 -62072662.237 -30365686.889 -999.000 3911475.245 4706748.429 -999.000 0.980 0.951 -999.000 25.070 12.523 -999.000 3874796273045323.500 945321442049170.125 -999.000
70.0 0.0 -61424414.299 -30084641.675 -4996060.142 4751877.059 4279229.287 614457.182 0.975 0.955 0.961 25.053 12.527 8.356 3802142364603527.000 924978374209113.250 25462895729553.816
69.0 0.0 -61052266.985 -29927548.529 -5264507.159 4384033.300 4875016.152 -354317.535 0.977 0.949 -0.979 25.058 12.521 8.378 3753739483478014.500 920598237290445.000 27939954363462.414
68.0 0.0 -60366450.307 -29427925.634 -5105230.523 4116477.328 4930415.798 499625.579 0.978 0.947 0.969 25.060 12.522 8.355 3668560098174394.500 892024667735283.750 26760974974264.004
67.0 0.0 -59849730.409 -29243529.195 -4985456.893 4199086.945 4604883.362 353551.390 0.978 0.950 0.977 25.061 12.522 8.363 3605110150875016.500 877929927416140.000 25190057424947.121
66.0 0.0 -58893434.084 -29046349.558 -999.000 4592920.319 4557691.391 -999.000 0.975 0.950 -999.000 25.050 12.524 -999.000 3496618705286820.500 865312629944621.750 -999.000
65.0 0.0 -58645654.243 -28683794.184 -999.000 3608133.890 4439899.677 -999.000 0.980 0.951 -999.000 25.072 12.523 -999.000 3457903480657891.500 843452299706405.000 -999.000
64.0 0.0 -57610748.210 -28416679.386 -999.000 4490650.062 4458969.956 -999.000 0.975 0.950 -999.000 25.050 12.524 -999.000 3345955082667828.500 828205154733746.625 -999.000
63.0 0.0 -57130168.652 -28087008.646 -4810849.609 4525518.513 4380986.031 163574.903 0.975 0.951 0.989 25.047 12.523 8.364 3292628388231537.000 810226390933789.875 23438557582460.020
62.0 0.0 -56585781.216 -27643438.667 -4724488.685 3976609.153 4342647.783 339988.443 0.978 0.950 0.977 25.061 12.522 8.363 3222786674380989.500 784443193606523.125 22637272125148.824
61.0 0.0 -55545981.390 -27170381.804 -999.000 4149389.698 4464305.239 -999.000 0.976 0.948 -999.000 25.053 12.521 -999.000 3109705709973630.500 759630506170857.125 -999.000
60.0 0.0 -54808971.230 -26808731.853 -999.000 4093056.475 4404063.863 -999.000 0.976 0.948 -999.000 25.053 12.521 -999.000 3027733819420271.500 739546738106415.750 -999.000
59.0 0.0 -54433377.825 -26675292.163 -4736827.111 3911500.846 4381117.833 -341926.488 0.977 0.948 -0.977 25.058 12.521 8.378 2983916582108959.500 731773236807786.625 22644132936083.746
58.0 0.0 -53275747.473 -26057124.888 -999.000 3976106.016 4278908.165 -999.000 0.976 0.948 -999.000 25.053 12.521 -999.000 2860715306024797.000 698668364786119.375 -999.000
57.0 0.0 -52835615.783 -25832551.226 -999.000 3217663.012 3983357.253 -999.000 0.981 0.951 -999.000 25.073 12.523 -999.000 2806281710258688.500 683989342174229.250 -999.000
56.0 0.0 -51654500.618 -25334503.860 -999.000 3889012.150 4013156.708 -999.000 0.976 0.950 -999.000 25.053 12.523 -999.000 2687214671535917.000 658545299364502.875 -999.000
55.0 0.0 -51187857.022 -25025320.790 -999.000 3126680.591 3856241.517 -999.000 0.981 0.951 -999.000 25.073 12.523 -999.000 2633998046529703.000 641891589017450.375 -999.000
54.0 0.0 -50312207.218 -24564172.390 -4239957.716 3467134.134 3842367.239 229419.641 0.978 0.951 0.943 25.063 12.522 8.365 2547417140289137.000 619374387685068.750 18134991409154.414
53.0 0.0 -49089369.326 -24231341.567 -999.000 3904606.863 3806143.396 -999.000 0.975 0.950 -999.000 25.048 12.524 -999.000 2429853264677544.000 602248189228728.625 -999.000
52.0 0.0 -48556094.359 -23700253.433 -4095176.867 3351251.202 3700875.421 223125.145 0.978 0.951 0.942 25.063 12.522 8.365 2372784461254844.500 576552746600524.375 16923535073803.232
51.0 0.0 -47708405.627 -23352265.252 -4196852.969 3435558.873 3965603.841 -351472.008 0.977 0.946 -0.973 25.058 12.519 8.379 2292163395657565.000 561928394261162.000 17806054584202.012
50.0 0.0 -46665708.729 -22698038.130 -4009602.124 3166114.861 3862811.945 495291.776 0.978 0.946 0.961 25.060 12.521 8.352 2192188993020288.250 531311051338814.312 16647421724418.279
49.0 0.0 -45612990.727 -22343058.321 -999.000 3619338.034 3740843.292 -999.000 0.975 0.947 -999.000 25.049 12.520 -999.000 2098648692778872.500 514592214039995.438 -999.000
48.0 0.0 -44510197.155 -21984105.126 -999.000 3613274.150 3415652.792 -999.000 0.974 0.951 -999.000 25.046 12.524 -999.000 1998090163264585.500 495410825385162.062 -999.000
47.0 0.0 -43939979.711 -21463951.320 -999.000 2572340.217 3250012.205 -999.000 0.981 0.952 -999.000 25.077 12.524 -999.000 1939946232172721.000 471777827666542.188 -999.000
46.0 0.0 -42617179.635 -20816409.924 -999.000 3164784.062 3444284.717 -999.000 0.976 0.948 -999.000 25.053 12.521 -999.000 1830617703133600.250 446202777061853.125 -999.000
45.0 0.0 -41635550.615 -20334099.719 -999.000 3089569.085 3362583.196 -999.000 0.976 0.948 -999.000 25.053 12.521 -999.000 1747260336483017.750 425766591250410.750 -999.000
44.0 0.0 -40893621.890 -19859049.756 -3544609.011 2693300.065 3387682.975 514667.406 0.979 0.946 0.954 25.061 12.521 8.350 1682983491244599.500 406819050696839.625 13049398822608.104
43.0 0.0 -39632684.314 -19345290.673 -999.000 2936916.148 3195969.147 -999.000 0.976 0.948 -999.000 25.053 12.521 -999.000 1583211131231617.500 385372214671792.938 -999.000
42.0 0.0 -38604574.235 -18912645.849 -999.000 2893775.122 2956304.945 -999.000 0.976 0.951 -999.000 25.053 12.524 -999.000 1501201050020166.750 366718480723430.188 -999.000
41.0 0.0 -37565537.944 -18554494.143 -999.000 3038189.253 2886527.259 -999.000 0.974 0.951 -999.000 25.046 12.524 -999.000 1423197049860156.500 352925005123955.875 -999.000
40.0 0.0 -36563322.352 -17827930.825 -999.000 2701926.735 2971669.334 -999.000 0.977 0.947 -999.000 25.053 12.520 -999.000 1347492750087809.500 327484632837290.188 -999.000
39.0 0.0 -35493858.692 -17539015.469 -999.000 2930288.146 2698458.295 -999.000 0.974 0.951 -999.000 25.044 12.525 -999.000 1270815049408831.500 315149063695850.750 -999.000
38.0 0.0 -34467426.166 -16870780.114 -999.000 2578722.977 2634832.460 -999.000 0.976 0.951 -999.000 25.053 12.524 -999.000 1196784062479500.500 291790822744746.000 -999.000
37.0 0.0 -33426844.456 -16282516.457 -999.000 2463397.594 2708221.390 -999.000 0.977 0.948 -999.000 25.053 12.520 -999.000 1126245132824018.250 273177178665301.219 -999.000
36.0 0.0 -32578403.754 -15864745.515 -999.000 2607622.061 1993813.524 -999.000 0.975 0.960 -999.000 25.051 12.530 -999.000 1069770977745485.625 257017761600038.188 -999.000
35.0 0.0 -31469373.875 -15428293.008 -2706467.138 2649063.763 2461190.692 -10546.300 0.973 0.950 0.296 25.040 12.522 8.368 1001291417856838.250 245134184278115.875 7569540137208.521
34.0 0.0 -30442241.002 -14804468.272 -999.000 2494250.500 1828569.347 -999.000 0.974 0.961 -999.000 25.049 12.531 -999.000 934319688401578.875 223819424890293.250 -999.000
33.0 0.0 -29374283.961 -14274766.233 -999.000 2409964.971 1736437.546 -999.000 0.974 0.961 -999.000 25.049 12.531 -999.000 869916890757133.500 208083899728429.344 -999.000
32.0 0.0 -28305502.463 -13744998.729 -999.000 2324470.731 1644683.042 -999.000 0.974 0.962 -999.000 25.049 12.532 -999.000 807761335795532.000 192919330053141.781 -999.000
31.0 0.0 -27152021.345 -13233382.387 -999.000 2242244.527 2247044.983 -999.000 0.974 0.946 -999.000 25.045 12.519 -999.000 744138794559829.250 181006310733860.750 -999.000
30.0 0.0 -26162901.459 -12679138.292 -999.000 2153792.384 1488644.265 -999.000 0.974 0.963 -999.000 25.049 12.532 -999.000 690147208022367.750 164187350094280.750 -999.000
29.0 0.0 -25233775.311 -12209266.879 -999.000 1116585.636 1765319.752 -999.000 0.937 0.954 -999.000 25.096 12.524 -999.000 638146621898248.625 152344180550355.750 -999.000
28.0 0.0 -23976389.214 -11713198.518 -999.000 2068497.972 1846018.131 -999.000 0.973 0.950 -999.000 25.036 12.522 -999.000 582214095195969.500 141359100183678.625 -999.000
27.0 0.0 -22984309.051 -10986804.744 -2005373.757 1410827.940 1980923.260 556003.378 0.980 0.943 0.914 25.065 12.520 8.337 531338002087968.812 125117707465543.344 4340665630184.233
26.0 0.0 -21925837.607 -10462137.982 -1915625.673 1305298.266 1889263.281 534959.005 0.981 0.943 0.913 25.066 12.520 8.337 483411443899978.375 113477628460280.125 3965699000051.743
25.0 0.0 -20968536.724 -10099067.548 -999.000 828324.713 1417169.047 -999.000 0.764 0.956 -999.000 25.103 12.524 -999.000 440826228707274.938 104100318575595.516 -999.000
24.0 0.0 -19822588.399 -9416371.923 -1737314.128 1139809.070 1726020.940 493576.621 0.982 0.942 0.912 25.068 12.519 8.336 395012740998962.188 92057696490733.984 3271251395588.026
23.0 0.0 -18509345.532 -8954100.518 -999.000 1373448.495 1337869.064 -999.000 0.976 0.953 -999.000 25.052 12.525 -999.000 345399522014155.562 82975904080976.422 -999.000
22.0 0.0 -17695281.659 -8448986.687 -999.000 1507741.924 811742.852 -999.000 0.973 0.970 -999.000 25.047 12.537 -999.000 315971501125685.375 73153875346576.844 -999.000
21.0 0.0 -16430370.678 -8067553.718 -999.000 1455311.015 1205911.587 -999.000 0.972 0.953 -999.000 25.035 12.526 -999.000 272501410867188.188 66568764475322.273 -999.000
20.0 0.0 -15696311.060 -7353125.754 -999.000 833616.867 1405417.696 -999.000 0.983 0.940 -999.000 25.072 12.518 -999.000 247537392588146.531 56403944568429.984 -999.000
19.0 0.0 -14783098.273 -6980975.992 -999.000 861242.876 980893.534 -999.000 0.981 0.956 -999.000 25.082 12.522 -999.000 219979882975980.844 49942127511301.203 -999.000
18.0 0.0 -13850179.241 -6581095.027 -1003698.455 808644.553 1318000.458 -648633.508 0.981 0.937 -0.817 25.073 12.510 8.408 192732633395668.375 45085726140749.289 1729306722312.844
17.0 0.0 -12814656.124 -6051974.486 -999.000 232520.859 748554.453 -999.000 0.029 0.961 -999.000 25.132 12.526 -999.000 164785168807391.656 37202559013053.812 -999.000
16.0 0.0 -11660623.649 -5537902.574 -999.000 1073969.005 980823.528 -999.000 0.971 0.944 -999.000 25.035 12.513 -999.000 137492052064535.266 32199267218550.656 -999.000
15.0 0.0 -10776729.185 -5145289.740 -999.000 1160411.579 776173.588 -999.000 0.966 0.952 -999.000 25.006 12.520 -999.000 119816436304973.172 27412125079263.461 -999.000
14.0 0.0 -9888839.485 -4540459.031 -999.000 924088.507 226192.746 -999.000 0.970 0.936 -999.000 25.042 12.547 -999.000 98916980121773.891 21446021772590.012 -999.000
13.0 0.0 -9176084.087 -4277995.091 -999.000 446563.631 844976.400 -999.000 0.985 0.938 -999.000 25.084 12.509 -999.000 84475016715142.422 19026491982483.969 -999.000
12.0 0.0 -8053031.774 -3765855.908 -999.000 838947.613 676378.348 -999.000 0.967 0.943 -999.000 25.022 12.510 -999.000 65735141631392.000 15129234758589.984 -999.000
11.0 0.0 -7389965.754 -3368885.227 -999.000 -104405.189 298512.483 -999.000 -0.995 0.972 -999.000 25.177 12.531 -999.000 54773905234188.320 11457783729123.689 -999.000
10.0 0.0 -6245636.410 -2815750.303 -999.000 426847.861 419646.521 -999.000 0.978 0.953 -999.000 25.045 12.519 -999.000 40245103461146.211 8446468813031.149 -999.000
9.0 0.0 -5434816.457 -2568080.311 -999.000 403351.890 52820.871 -999.000 0.976 0.646 -999.000 25.044 12.570 -999.000 30201047869667.637 7325570442857.874 -999.000
8.0 0.0 -4930859.214 -1848212.770 -999.000 23229.048 746600.405 -999.000 0.573 0.878 -999.000 25.110 12.472 -999.000 24378998494118.180 4563186855886.550 -999.000
7.0 0.0 -3966311.234 -1715972.207 -999.000 255142.733 335740.870 -999.000 0.980 0.939 -999.000 25.040 12.500 -999.000 16646883878354.225 3354931872095.648 -999.000
6.0 0.0 -3632408.364 -1617709.899 -999.000 -62820.673 223257.705 -999.000 -0.292 0.956 -999.000 25.145 12.514 -999.000 13327878837143.029 2677423582156.521 -999.000
5.0 0.0 -2988851.886 -1158364.509 -999.000 -90951.416 237170.981 -999.000 -0.011 0.936 -999.000 25.213 12.480 -999.000 8851928514311.443 1404142074421.750 -999.000
4.0 0.0 -2085838.805 -913242.657 -999.000 489461.261 455044.938 -999.000 0.927 0.853 -999.000 24.903 12.429 -999.000 4608302928145.863 1042789852466.176 -999.000
3.0 0.0 -1331348.881 -669643.373 -999.000 155213.344 499843.268 -999.000 0.963 0.796 -999.000 24.932 12.378 -999.000 2048495338887.893 696518376131.967 -999.000
2.0 0.0 -980742.755 -999.000 -999.000 686799.728 -999.000 -999.000 0.806 -999.000 -999.000 24.328 -999.000 -999.000 951705862549.781 -999.000 -999.000
1.0 0.0 -484267.711 -999.000 -999.000 239198.209 -999.000 -999.000 0.854 -999.000 -999.000 24.780 -999.000 -999.000 292193637944.813 -999.000 -999.000
90.0 5.0 -12137495.757 32519143.266 1855567.491 -68707474.504 -12182802.385 5356511.513 -0.556 -0.114 0.394 25.049 12.522 8.370 4878147334795381.000 1207256477327565.000 32398944432885.918
89.0 5.0 -12196202.137 32417405.740 2611316.860 -68796743.418 -12042788.174 5223983.131 -0.556 -0.113 0.352 25.054 12.524 8.348 4889304367762553.000 1197202511033986.250 34159532277910.648
88.0 5.0 -11800584.625 32515142.735 -999.000 -68886852.443 -12266172.494 -999.000 -0.554 -0.115 -999.000 25.060 12.522 -999.000 4894801064335955.000 1209431674037439.250 -999.000
87.0 5.0 -11861320.932 32416339.847 -999.000 -69065107.669 -12618246.078 -999.000 -0.554 -0.118 -999.000 25.058 12.519 -999.000 4918307230688551.000 1212776117043155.750 -999.000
86.0 5.0 -12018024.550 32566512.179 1477915.086 -69192820.693 -11982103.131 5441833.458 -0.555 -0.112 0.416 25.054 12.524 8.380 4940760549485007.000 1205439199680490.750 32468487611660.605
85.0 5.0 -11877017.491 32381008.076 -999.000 -69188462.378 -12598934.110 -999.000 -0.554 -0.118 -999.000 25.058 12.519 -999.000 4935746215508670.000 1210005318811866.000 -999.000
84.0 5.0 -12001671.862 32611477.924 1578501.909 -69317505.251 -11992044.603 5323935.594 -0.555 -0.112 0.408 25.053 12.524 8.376 4961730911163974.000 1208648394995515.000 31156420343538.168
83.0 5.0 -11873196.229 32292430.383 -999.000 -69197960.371 -12558994.278 -999.000 -0.554 -0.118 -999.000 25.058 12.519 -999.000 4936953514829372.000 1203269936267932.250 -999.000
82.0 5.0 -12203635.661 32398755.387 1627840.018 -69199680.896 -12054959.747 5080398.444 -0.556 -0.113 0.401 25.049 12.522 8.372 4947713028511694.000 1196260616432986.000 28693919312010.539
81.0 5.0 -12189084.153 32320865.745 1599057.018 -69133381.705 -12023188.764 5035226.697 -0.556 -0.113 0.402 25.049 12.522 8.373 4938161073160655.000 1190451543807331.750 28141991054956.301
80.0 5.0 -11841228.575 32249167.007 -999.000 -69131909.971 -11886844.421 -999.000 -0.554 -0.112 -999.000 25.058 12.522 -999.000 4928239782538156.000 1183367029067948.500 -999.000
79.0 5.0 -11819304.554 32143162.481 -999.000 -69008422.878 -11844408.102 -999.000 -0.554 -0.112 -999.000 25.058 12.522 -999.000 4910619854736062.000 1175515717109603.250 -999.000
78.0 5.0 -11612779.979 31905711.692 1207796.218 -68564101.590 -11989630.474 5359698.704 -0.553 -0.114 0.429 25.061 12.522 8.383 4842800334124685.000 1162915402667558.000 30236543254619.520
77.0 5.0 -11871841.603 31988775.456 -999.000 -68654408.038 -11685368.816 -999.000 -0.554 -0.111 -999.000 25.053 12.524 -999.000 4866873854085771.000 1160996574310999.000 -999.000
76.0 5.0 -11714733.634 31580966.335 -999.000 -68336028.663 -12205295.154 -999.000 -0.554 -0.117 -999.000 25.058 12.519 -999.000 4814391043514447.000 1148917096614217.000 -999.000
75.0 5.0 -12345806.933 31417366.675 -999.000 -68104930.035 -11697337.071 -999.000 -0.557 -0.113 -999.000 25.044 12.522 -999.000 4801284746411961.000 1125149630005241.125 -999.000
74.0 5.0 -11770317.676 31424131.521 -999.000 -67889382.463 -11423160.559 -999.000 -0.555 -0.111 -999.000 25.054 12.525 -999.000 4755748494865620.000 1118913817051687.250 -999.000
73.0 5.0 -11324584.023 31100429.584 -999.000 -67770171.483 -11536819.098 -999.000 -0.553 -0.113 -999.000 25.061 12.523 -999.000 4734083497194268.000 1102034626489452.625 -999.000
72.0 5.0 -11525296.815 31133876.797 -999.000 -67356308.227 -11359754.551 -999.000 -0.554 -0.111 -999.000 25.054 12.524 -999.000 4682062854085965.000 1099483258628017.250 -999.000
71.0 5.0 -11784725.078 30831286.258 -999.000 -66924960.644 -11383545.371 -999.000 -0.555 -0.113 -999.000 25.049 12.523 -999.000 4627320965044079.000 1081248852647960.625 -999.000
70.0 5.0 -11717821.310 30610695.251 -999.000 -66553010.156 -11299528.311 -999.000 -0.555 -0.113 -999.000 25.049 12.523 -999.000 4575995625062663.000 1065776220725064.125 -999.000
69.0 5.0 -11646176.346 30378135.084 -999.000 -66154599.832 -11211068.123 -999.000 -0.555 -0.113 -999.000 25.049 12.523 -999.000 4521337593893321.000 1049587233771608.125 -999.000
68.0 5.0 -11898983.658 29963137.596 -999.000 -65695068.066 -11136298.102 -999.000 -0.557 -0.113 -999.000 25.044 12.522 -999.000 4467328041096591.000 1022980316981990.250 -999.000
67.0 5.0 -11191773.398 29895510.712 -999.000 -65367054.670 -10923061.417 -999.000 -0.554 -0.112 -999.000 25.058 12.523 -999.000 4405820099696010.000 1014773704634684.500 -999.000
66.0 5.0 -10750657.296 29492835.167 -999.000 -64995765.223 -10875064.251 -999.000 -0.552 -0.112 -999.000 25.063 12.524 -999.000 4352240044394961.000 989520168723405.375 -999.000
65.0 5.0 -11036383.771 29369423.257 -999.000 -64326383.305 -10546555.411 -999.000 -0.554 -0.110 -999.000 25.056 12.526 -999.000 4267035237110535.500 974340823433001.500 -999.000
64.0 5.0 -10925354.762 28886538.107 -999.000 -63725624.839 -11137548.196 -999.000 -0.554 -0.117 -999.000 25.058 12.519 -999.000 4186472798779192.000 960763895942631.250 -999.000
63.0 5.0 -10830418.703 28586019.155 -999.000 -63172374.417 -11019581.146 -999.000 -0.554 -0.117 -999.000 25.058 12.519 -999.000 4114069265567593.500 940843852533159.375 -999.000
62.0 5.0 -10389751.310 28324758.732 -999.000 -62832542.502 -10386594.224 -999.000 -0.552 -0.112 -999.000 25.063 12.524 -999.000 4067369557287405.000 911450942193512.375 -999.000
61.0 5.0 -10608607.408 28224883.863 -999.000 -62124760.514 -10169112.070 -999.000 -0.554 -0.110 -999.000 25.054 12.525 -999.000 3982705111820454.500 900778307202841.375 -999.000
60.0 5.0 -10628727.097 27814450.046 -999.000 -61424219.472 -9925263.158 -999.000 -0.555 -0.109 -999.000 25.054 12.526 -999.000 3892477977074438.000 872508678303676.250 -999.000
59.0 5.0 -10308081.324 27449995.711 -999.000 -60866906.137 -9947245.564 -999.000 -0.553 -0.111 -999.000 25.060 12.523 -999.000 3817619977639371.000 853899789265162.500 -999.000
58.0 5.0 -10521880.113 26908078.437 -999.000 -60033692.817 -9852909.192 -999.000 -0.555 -0.112 -999.000 25.056 12.524 -999.000 3721126636056172.500 821904903039178.750 -999.000
57.0 5.0 -10066903.733 26547262.458 -999.000 -59361352.923 -10219255.867 -999.000 -0.553 -0.117 -999.000 25.060 12.519 -999.000 3630243774293919.500 811210233318061.875 -999.000
56.0 5.0 -10188012.608 26344396.407 -999.000 -58696168.326 -9585818.358 -999.000 -0.555 -0.111 -999.000 25.051 12.524 -999.000 3556575993786129.500 786616480866677.500 -999.000
55.0 5.0 -9493266.393 25797827.545 -999.000 -58135235.259 -9504241.085 -999.000 -0.552 -0.112 -999.000 25.065 12.524 -999.000 3479947806068337.500 757468461577484.125 -999.000
54.0 5.0 -10391963.948 25388827.178 -999.000 -57140298.412 -9315771.669 -999.000 -0.557 -0.112 -999.000 25.042 12.523 -999.000 3380367331330136.000 732158795472008.625 -999.000
53.0 5.0 -9868758.441 24986433.010 -999.000 -56336996.091 -9097298.080 -999.000 -0.555 -0.111 -999.000 25.056 12.525 -999.000 3277104909291229.000 707889034424849.125 -999.000
52.0 5.0 -10091746.799 24571464.465 -999.000 -55561255.603 -9007672.189 -999.000 -0.557 -0.112 -999.000 25.042 12.523 -999.000 3195902781874370.000 685630989839856.000 -999.000
51.0 5.0 -9150475.211 24281511.491 -999.000 -54672922.458 -8888215.850 -999.000 -0.553 -0.112 -999.000 25.063 12.525 -999.000 3079119946063947.500 669271654888029.250 -999.000
50.0 5.0 -8820150.632 23746962.570 -999.000 -54123871.330 -8697103.137 -999.000 -0.551 -0.112 -999.000 25.065 12.524 -999.000 3016130580081844.500 641124754995544.125 -999.000
49.0 5.0 -9284887.179 23293375.062 -999.000 -53013068.248 -8435925.529 -999.000 -0.555 -0.111 -999.000 25.056 12.525 -999.000 2901994262083719.500 614576725808381.375 -999.000
48.0 5.0 -9015003.338 23016266.971 -999.000 -52215182.344 -8306140.768 -999.000 -0.554 -0.110 -999.000 25.051 12.524 -999.000 2813722042046567.000 599232282100291.125 -999.000
47.0 5.0 -8890757.725 22382751.801 -999.000 -51247905.781 -8103813.203 -999.000 -0.555 -0.111 -999.000 25.058 12.525 -999.000 2710456751626846.000 567546593087304.500 -999.000
46.0 5.0 -8590969.112 22113164.141 -999.000 -50397537.874 -7739775.700 -999.000 -0.554 -0.107 -999.000 25.056 12.528 -999.000 2617963429577980.500 548964055564074.250 -999.000
45.0 5.0 -7996798.352 21475633.994 -999.000 -49640257.016 -7817556.791 -999.000 -0.551 -0.111 -999.000 25.066 12.524 -999.000 2535891432037620.500 523829655045071.000 -999.000
44.0 5.0 -7842109.374 20997593.162 -999.000 -48691660.987 -7640973.403 -999.000 -0.551 -0.111 -999.000 25.066 12.524 -999.000 2439915130370119.000 500803102794409.938 -999.000
43.0 5.0 -7608191.433 20513763.155 -999.000 -47740215.038 -7462491.715 -999.000 -0.550 -0.111 -999.000 25.068 12.524 -999.000 2344363339890374.000 478027984510955.000 -999.000
42.0 5.0 -7451451.724 20038058.795 -999.000 -46762282.975 -7251383.858 -999.000 -0.550 -0.111 -999.000 25.068 12.525 -999.000 2249337187171194.750 455538666686735.375 -999.000
41.0 5.0 -7697651.135 19801671.820 -999.000 -45653817.050 -6891326.460 -999.000 -0.553 -0.107 -999.000 25.054 12.527 -999.000 2149801698678135.500 439605971489238.125 -999.000
40.0 5.0 -7146806.079 19083308.862 -999.000 -44400573.474 -6956153.465 -999.000 -0.551 -0.111 -999.000 25.070 12.525 -999.000 2024926550234368.250 412847838343186.812 -999.000
39.0 5.0 -7344038.847 18697560.122 -999.000 -43577508.691 -6422455.257 -999.000 -0.553 -0.105 -999.000 25.058 12.529 -999.000 1955988057552222.250 391070316274269.500 -999.000
38.0 5.0 -7049051.527 18014281.894 -999.000 -42489713.556 -6896188.814 -999.000 -0.552 -0.116 -999.000 25.063 12.519 -999.000 1857523926986111.750 373214085688865.250 -999.000
37.0 5.0 -6514135.146 17538398.180 -999.000 -41323632.586 -6389003.623 -999.000 -0.550 -0.111 -999.000 25.074 12.525 -999.000 1752026468477614.750 348658257579999.375 -999.000
36.0 5.0 -6389414.282 16984379.539 -999.000 -40620543.839 -6106669.002 -999.000 -0.550 -0.110 -999.000 25.070 12.525 -999.000 1696530683546964.250 327107822271533.062 -999.000
35.0 5.0 -6386845.773 16565484.570 -999.000 -39272356.252 -5938935.349 -999.000 -0.551 -0.110 -999.000 25.069 12.526 -999.000 1586279439235885.250 309831679986049.812 -999.000
34.0 5.0 -6985282.976 15914846.912 -999.000 -38276332.378 -5677025.296 -999.000 -0.557 -0.109 -999.000 25.038 12.524 -999.000 1517178847700547.000 285754775102443.438 -999.000
33.0 5.0 -6097778.627 15396765.206 -999.000 -37198038.971 -5912545.228 -999.000 -0.552 -0.117 -999.000 25.065 12.519 -999.000 1422832994415099.250 272968118865009.594 -999.000
32.0 5.0 -5913104.562 15027501.088 -999.000 -36244767.379 -5187798.299 -999.000 -0.551 -0.106 -999.000 25.065 12.525 -999.000 1350581772288873.000 253331929236472.156 -999.000
31.0 5.0 -6421787.021 14306581.479 -999.000 -35017397.484 -5085225.468 -999.000 -0.558 -0.109 -999.000 25.036 12.524 -999.000 1270125013664689.250 230736471251437.844 -999.000
30.0 5.0 -5501596.406 13777524.796 -999.000 -33917976.793 -5306797.199 -999.000 -0.551 -0.117 -999.000 25.066 12.519 -999.000 1182343998596931.250 218831949488784.531 -999.000
29.0 5.0 -5330178.930 13401221.688 -999.000 -32943813.352 -4574119.654 -999.000 -0.551 -0.105 -999.000 25.066 12.526 -999.000 1115205568945123.625 201048171633670.781 -999.000
28.0 5.0 -5093101.106 12701430.980 -999.000 -31713246.705 -4885644.256 -999.000 -0.551 -0.117 -999.000 25.068 12.519 -999.000 1033102616212036.250 186020253185445.438 -999.000
27.0 5.0 -4602340.956 12212925.677 -999.000 -30474448.068 -4353522.588 -999.000 -0.548 -0.109 -999.000 25.082 12.526 -999.000 950702214608179.500 168157597246197.062 -999.000
26.0 5.0 -5020113.391 11791239.083 -999.000 -29535166.691 -3987867.645 -999.000 -0.554 -0.104 -999.000 25.049 12.528 -999.000 899555048837267.625 154977809357266.219 -999.000
25.0 5.0 -4221185.688 11092716.454 -999.000 -28596833.360 -3866094.929 -999.000 -0.547 -0.107 -999.000 25.078 12.528 -999.000 838973055709735.375 139304837175686.250 -999.000
24.0 5.0 -4628979.155 10559700.608 -999.000 -27242728.234 -3450764.714 -999.000 -0.554 -0.101 -999.000 25.063 12.534 -999.000 765605477746326.125 125204633315896.844 -999.000
23.0 5.0 -4410742.919 10148118.034 -999.000 -26187815.483 -3352389.902 -999.000 -0.553 -0.102 -999.000 25.049 12.529 -999.000 706886296287519.625 114369854697629.875 -999.000
22.0 5.0 -4035091.185 9600524.263 -999.000 -25087439.865 -2954726.009 -999.000 -0.551 -0.095 -999.000 25.063 12.537 -999.000 646550213307620.750 101072536841733.234 -999.000
21.0 5.0 -3830225.988 9138988.828 -999.000 -24031781.573 -2890482.855 -999.000 -0.550 -0.098 -999.000 25.058 12.533 -999.000 594554556948026.500 92035272907025.672 -999.000
20.0 5.0 -3222050.005 8381560.155 -999.000 -23040588.537 -2833530.543 -999.000 -0.544 -0.104 -999.000 25.085 12.530 -999.000 543746701670435.500 79526263668784.609 -999.000
19.0 5.0 -3446650.770 7993229.049 -999.000 -21781788.903 -2326940.324 -999.000 -0.550 -0.090 -999.000 25.065 12.540 -999.000 487026602678001.375 69430805310732.719 -999.000
18.0 5.0 -3045417.581 7386873.670 -999.000 -20556320.861 -2482396.023 -999.000 -0.547 -0.103 -999.000 25.085 12.532 -999.000 432534095709474.375 60999407301042.391 -999.000
17.0 5.0 -2962693.026 6871838.217 -999.000 -19663959.666 -2188710.559 -999.000 -0.548 -0.098 -999.000 25.077 12.527 -999.000 395845455041792.312 52654953213070.164 -999.000
16.0 5.0 -2428840.805 6246153.658 -999.000 -18321385.878 -2121969.112 -999.000 -0.542 -0.104 -999.000 25.102 12.530 -999.000 341811882526817.812 43569816523916.266 -999.000
15.0 5.0 -2829141.138 5830747.043 -999.000 -17432057.820 -1732864.914 -999.000 -0.551 -0.092 -999.000 25.049 12.534 -999.000 312679435293629.062 37218299917096.789 -999.000
14.0 5.0 -2386505.194 5285398.780 -999.000 -16461161.868 -1596820.961 -999.000 -0.546 -0.093 -999.000 25.082 12.529 -999.000 276889329416007.875 31141937694324.086 -999.000
13.0 5.0 -2273028.566 4811644.625 -999.000 -15341392.871 -1069597.611 -999.000 -0.547 -0.070 -999.000 25.072 12.555 -999.000 240882834928595.188 24380630040324.965 -999.000
12.0 5.0 -1631519.082 4146647.334 -999.000 -14101411.623 -1343729.302 -999.000 -0.537 -0.100 -999.000 25.121 12.534 -999.000 201800134726680.000 19047662829427.242 -999.000
11.0 5.0 -1766745.737 3629719.039 -999.000 -13223090.380 -1361265.277 -999.000 -0.542 -0.114 -999.000 25.094 12.518 -999.000 178055679162340.500 15366795783521.357 -999.000
10.0 5.0 -1622167.483 3177602.559 -999.000 -12328999.385 -892290.885 -999.000 -0.542 -0.087 -999.000 25.094 12.527 -999.000 154638865459027.250 11480269899545.986 -999.000
9.0 5.0 -1477698.848 2791990.651 -999.000 -11295161.268 -539789.873 -999.000 -0.541 -0.061 -999.000 25.072 12.554 -999.000 131062016346511.516 8120722436766.691 -999.000
90.0 10.0 -6535962.110 33578027.872 615843.117 -68571088.571 -6842771.768 5517144.212 -0.530 -0.064 0.465 25.049 12.522 8.367 4754728956960397.000 1175875603556259.000 31089592810608.375
89.0 10.0 -5973532.868 33526615.313 -999.000 -69028351.841 -6733689.923 -999.000 -0.527 -0.063 -999.000 25.061 12.523 -999.000 4813654138956160.000 1171184656617169.750 -999.000
88.0 10.0 -5997010.975 33579587.048 -999.000 -69337175.092 -6739068.838 -999.000 -0.527 -0.063 -999.000 25.061 12.523 -999.000 4856746889133636.000 1174822096667769.000 -999.000
87.0 10.0 -6616940.822 33749316.143 500340.166 -69496563.737 -6804690.286 5320012.726 -0.530 -0.063 0.470 25.049 12.522 8.369 4883780933206880.000 1186844375779054.250 28852569690283.039
86.0 10.0 -6638487.513 33774647.170 -999.000 -69748882.576 -6804652.595 -999.000 -0.530 -0.063 -999.000 25.049 12.522 -999.000 4919255351386667.000 1188563395352828.250 -999.000
85.0 10.0 -6685729.786 33630072.066 1004646.217 -69874009.420 -6604634.853 5351420.890 -0.530 -0.062 0.441 25.054 12.524 8.352 4934685338866454.000 1175662006059729.250 29722808594453.590
84.0 10.0 -7023069.308 33651109.616 -999.000 -70158712.553 -6716018.338 -999.000 -0.532 -0.063 -999.000 25.044 12.522 -999.000 4982477468181994.000 1178769993507808.750 -999.000
83.0 10.0 -6712341.644 33609411.799 945238.934 -70236930.562 -6590035.590 5196145.989 -0.530 -0.062 0.443 25.054 12.524 8.352 4985982699793603.000 1174086932756765.750 27960183770052.176
82.0 10.0 -6172878.835 33658295.010 -310208.847 -70211063.222 -6759859.369 5325062.041 -0.528 -0.063 0.518 25.061 12.523 8.388 4974857517807659.000 1179743067123634.000 28556141027157.512
81.0 10.0 -6702922.815 33698618.600 -999.000 -70583755.931 -6705607.628 -999.000 -0.530 -0.063 -999.000 25.049 12.522 -999.000 5037430356766425.000 1182032525017314.750 -999.000
80.0 10.0 -6706515.675 33649087.028 -999.000 -70664521.926 -6633481.940 -999.000 -0.530 -0.062 -999.000 25.049 12.523 -999.000 5048893537250610.000 1177639513101627.500 -999.000
79.0 10.0 -6366023.305 33608448.480 -999.000 -70764048.451 -6408601.012 -999.000 -0.529 -0.060 -999.000 25.058 12.524 -999.000 5056978815935065.000 1172530595293531.250 -999.000
78.0 10.0 -6387475.088 33452180.354 -999.000 -70733713.126 -6330360.335 -999.000 -0.529 -0.060 -999.000 25.056 12.525 -999.000 5052666680555406.000 1159962057030423.250 -999.000
77.0 10.0 -5973766.046 33228333.535 -999.000 -70863525.887 -6517115.175 -999.000 -0.527 -0.062 -999.000 25.063 12.524 -999.000 5070876074426970.000 1148173102124196.250 -999.000
76.0 10.0 -6376082.178 33216893.542 -999.000 -70691761.708 -6275038.901 -999.000 -0.529 -0.059 -999.000 25.056 12.525 -999.000 5046536305675819.000 1143573279253157.750 -999.000
75.0 10.0 -6158231.561 33011546.128 -999.000 -70369513.441 -6539202.927 -999.000 -0.528 -0.062 -999.000 25.061 12.523 -999.000 4996834467255353.000 1133599239418954.250 -999.000
74.0 10.0 -6158250.091 32913529.454 -999.000 -70380231.451 -6433461.260 -999.000 -0.528 -0.061 -999.000 25.061 12.524 -999.000 5001716227690379.000 1125883509968058.250 -999.000
73.0 10.0 -6538384.501 32793101.021 -999.000 -70425758.906 -6370017.482 -999.000 -0.529 -0.061 -999.000 25.051 12.523 -999.000 5013080435349078.000 1117213117811008.500 -999.000
72.0 10.0 -5915527.197 32480657.635 -999.000 -70396685.407 -6288949.598 -999.000 -0.527 -0.061 -999.000 25.063 12.524 -999.000 5003963092024987.000 1095920605875682.375 -999.000
71.0 10.0 -6300178.299 32412639.855 -999.000 -70081099.456 -5984394.837 -999.000 -0.529 -0.058 -999.000 25.056 12.526 -999.000 4959351810564619.000 1086837967379889.500 -999.000
70.0 10.0 -6257408.154 32263191.870 -999.000 -69925511.337 -5992318.901 -999.000 -0.528 -0.058 -999.000 25.058 12.525 -999.000 4937224603060606.000 1078360167551591.750 -999.000
69.0 10.0 -5936490.615 31919033.112 -999.000 -69388527.450 -6186993.916 -999.000 -0.527 -0.061 -999.000 25.063 12.524 -999.000 4856591203513418.000 1057957077592984.750 -999.000
68.0 10.0 -6765279.047 31637758.444 -999.000 -69375945.600 -6030924.403 -999.000 -0.531 -0.060 -999.000 25.045 12.524 -999.000 4869718910487094.000 1038250206227327.125 -999.000
67.0 10.0 -6388421.586 31542095.457 -999.000 -69093455.266 -5985711.448 -999.000 -0.529 -0.060 -999.000 25.051 12.524 -999.000 4824788891915824.000 1031709917220535.500 -999.000
66.0 10.0 -6024881.872 31377070.461 -999.000 -68832130.398 -5730328.996 -999.000 -0.528 -0.058 -999.000 25.056 12.526 -999.000 4786633024930378.000 1017758820094240.375 -999.000
65.0 10.0 -6353351.365 30853492.645 -999.000 -68327603.131 -5703633.295 -999.000 -0.530 -0.058 -999.000 25.056 12.526 -999.000 4716674343012332.000 984801673065237.125 -999.000
64.0 10.0 -6315632.333 30570533.559 -999.000 -67952006.133 -5646350.194 -999.000 -0.530 -0.058 -999.000 25.056 12.526 -999.000 4664966767591655.000 966766490984438.000 -999.000
63.0 10.0 -5917684.552 30367617.120 -999.000 -67560124.827 -6112908.486 -999.000 -0.528 -0.063 -999.000 25.060 12.522 -999.000 4606017650633836.000 961527957098910.875 -999.000
62.0 10.0 -5867786.459 30230190.521 -999.000 -67275923.743 -5448563.897 -999.000 -0.528 -0.057 -999.000 25.056 12.527 -999.000 4572392897744026.000 943777309076656.125 -999.000
61.0 10.0 -5467722.562 29679895.146 -999.000 -66886470.641 -5540940.740 -999.000 -0.526 -0.059 -999.000 25.065 12.525 -999.000 4515696604128044.000 912610734291568.375 -999.000
60.0 10.0 -5980448.324 29472533.955 -999.000 -66284267.811 -5501390.460 -999.000 -0.529 -0.059 -999.000 25.053 12.525 -999.000 4438795306259274.000 899677831436492.500 -999.000
59.0 10.0 -5377425.154 28988712.926 -999.000 -65892081.217 -5400987.191 -999.000 -0.526 -0.059 -999.000 25.065 12.525 -999.000 4382326824146519.500 870617993786000.125 -999.000
58.0 10.0 -5874134.466 28769426.855 -999.000 -65239096.798 -5308293.747 -999.000 -0.529 -0.058 -999.000 25.053 12.525 -999.000 4299758571211144.500 856506690448166.375 -999.000
57.0 10.0 -6245384.038 28257394.731 -999.000 -64662468.590 -5172386.676 -999.000 -0.531 -0.058 -999.000 25.045 12.525 -999.000 4229755553147956.000 825766440123961.000 -999.000
56.0 10.0 -6075956.788 27872838.449 -999.000 -64083985.010 -5094453.784 -999.000 -0.530 -0.058 -999.000 25.047 12.525 -999.000 4153387804872040.500 803369097442871.375 -999.000
55.0 10.0 -5069651.867 27493387.067 -999.000 -63603524.134 -5008091.195 -999.000 -0.525 -0.057 -999.000 25.066 12.526 -999.000 4082036507237251.000 781929367741222.875 -999.000
54.0 10.0 -5096626.780 27126636.781 -999.000 -62586435.478 -5009073.750 -999.000 -0.526 -0.058 -999.000 25.067 12.526 -999.000 3947671382662246.000 761275855876704.750 -999.000
53.0 10.0 -5531793.024 26636127.910 -999.000 -62095238.285 -4690498.967 -999.000 -0.528 -0.055 -999.000 25.060 12.528 -999.000 3893030301146507.500 731702609379732.375 -999.000
52.0 10.0 -5233817.828 26417287.258 -999.000 -61540960.361 -4522657.767 -999.000 -0.527 -0.054 -999.000 25.061 12.527 -999.000 3820796340704203.000 718939577952056.000 -999.000
51.0 10.0 -5402361.960 25775756.190 -999.000 -60701571.062 -4486038.262 -999.000 -0.528 -0.055 -999.000 25.060 12.529 -999.000 3720292115392507.000 684899263884058.750 -999.000
50.0 10.0 -4758157.782 25416167.801 -999.000 -59807826.966 -4585863.504 -999.000 -0.525 -0.057 -999.000 25.069 12.527 -999.000 3603806190469335.000 667132131658179.125 -999.000
49.0 10.0 -4695059.481 24961268.236 -999.000 -59055293.231 -4498502.134 -999.000 -0.525 -0.057 -999.000 25.069 12.527 -999.000 3513684496438160.000 643418171145405.375 -999.000
48.0 10.0 -4871871.197 24513284.643 -999.000 -58450251.976 -4734611.985 -999.000 -0.526 -0.061 -999.000 25.063 12.523 -999.000 3444449152368943.000 624508124440565.875 -999.000
47.0 10.0 -4794510.482 24137922.116 -999.000 -57786589.111 -4008245.494 -999.000 -0.526 -0.052 -999.000 25.063 12.528 -999.000 3367455091187650.500 599415713177234.500 -999.000
46.0 10.0 -4316975.856 23487960.123 -999.000 -57049388.014 -4112464.912 -999.000 -0.524 -0.055 -999.000 25.070 12.528 -999.000 3282209978724435.000 569634378293043.625 -999.000
45.0 10.0 -4564322.384 23056492.832 -999.000 -56005625.889 -4396057.543 -999.000 -0.526 -0.060 -999.000 25.065 12.523 -999.000 3161335212903370.000 551926779932879.250 -999.000
44.0 10.0 -5149110.573 22486158.572 -999.000 -55219950.251 -3830857.654 -999.000 -0.530 -0.054 -999.000 25.047 12.527 -999.000 3083120086491367.000 520323307487977.375 -999.000
43.0 10.0 -4699812.174 22116736.646 -999.000 -54352513.224 -3747148.478 -999.000 -0.527 -0.053 -999.000 25.054 12.528 -999.000 2982684914146950.500 503288049445879.438 -999.000
42.0 10.0 -4362947.333 21663594.306 -999.000 -53504389.322 -3439263.312 -999.000 -0.526 -0.050 -999.000 25.060 12.531 -999.000 2889770362299835.500 481594773657461.750 -999.000
41.0 10.0 -4171900.952 20992268.089 -999.000 -52455833.440 -3941310.050 -999.000 -0.525 -0.059 -999.000 25.066 12.524 -999.000 2772443008427896.500 457031801554266.312 -999.000
40.0 10.0 -4384249.499 20351279.886 -999.000 -51520605.116 -3255723.240 -999.000 -0.527 -0.050 -999.000 25.063 12.532 -999.000 2678514386292300.000 425680593586729.188 -999.000
39.0 10.0 -4676286.672 19843811.882 -999.000 -50643594.110 -3267759.214 -999.000 -0.529 -0.052 -999.000 25.047 12.528 -999.000 2592933515011057.000 404567185691702.688 -999.000
38.0 10.0 -3849211.099 19369257.660 -999.000 -49610221.927 -3584240.874 -999.000 -0.525 -0.058 -999.000 25.068 12.524 -999.000 2479039607434635.000 388826264859224.062 -999.000
37.0 10.0 -3909286.838 18827917.564 -999.000 -48695208.551 -2804401.644 -999.000 -0.526 -0.047 -999.000 25.063 12.533 -999.000 2389656502330360.500 362787329294645.812 -999.000
36.0 10.0 -4038718.668 18135675.542 -999.000 -47621322.324 -2762215.079 -999.000 -0.527 -0.048 -999.000 25.063 12.533 -999.000 2288546183653862.000 337690890430589.250 -999.000
35.0 10.0 -3498393.643 17687272.584 -999.000 -46530830.214 -2847274.502 -999.000 -0.524 -0.051 -999.000 25.072 12.531 -999.000 2181321530986291.000 321453330062630.125 -999.000
34.0 10.0 -3783458.346 16985202.894 -999.000 -45583776.548 -2520365.499 -999.000 -0.526 -0.047 -999.000 25.065 12.534 -999.000 2096240247126728.750 296132323865708.812 -999.000
33.0 10.0 -3260732.402 16524734.426 -999.000 -44459051.887 -2592485.610 -999.000 -0.523 -0.050 -999.000 25.074 12.532 -999.000 1990755917613843.250 280335837017232.438 -999.000
32.0 10.0 -3176859.225 15935192.885 -999.000 -43401523.562 -2467662.448 -999.000 -0.523 -0.049 -999.000 25.074 12.533 -999.000 1897112476894844.750 260576955388441.500 -999.000
31.0 10.0 -3220192.566 15455600.206 -999.000 -42548606.933 -2102263.534 -999.000 -0.524 -0.043 -999.000 25.063 12.535 -999.000 1826214174671869.250 243733916549049.562 -999.000
30.0 10.0 -3096810.272 14782312.724 -999.000 -41468951.113 -2050676.875 -999.000 -0.524 -0.044 -999.000 25.070 12.532 -999.000 1731174115286513.000 223421169857429.812 -999.000
29.0 10.0 -3254802.502 14011851.402 -999.000 -40253181.838 -1894425.188 -999.000 -0.526 -0.043 -999.000 25.067 12.538 -999.000 1634212174500225.750 201550874844557.312 -999.000
28.0 10.0 -2788404.990 13528069.447 -999.000 -39162500.859 -2319700.140 -999.000 -0.523 -0.054 -999.000 25.073 12.526 -999.000 1543344941715069.250 189012921853452.219 -999.000
27.0 10.0 -2336278.635 12834091.914 -999.000 -38250368.387 -1782596.287 -999.000 -0.519 -0.044 -999.000 25.082 12.535 -999.000 1472758269810129.500 169359205676374.406 -999.000
26.0 10.0 -2197212.888 12208119.989 -999.000 -37126549.425 -1645248.351 -999.000 -0.519 -0.043 -999.000 25.084 12.536 -999.000 1387165013423333.250 153171399809456.531 -999.000
25.0 10.0 -2411376.455 11660698.770 -999.000 -35802081.246 -1929304.200 -999.000 -0.521 -0.052 -999.000 25.077 12.527 -999.000 1289029649342676.000 140236919471794.844 -999.000
24.0 10.0 -2396961.744 11041757.700 -999.000 -34738980.733 -1109753.389 -999.000 -0.522 -0.032 -999.000 25.072 12.544 -999.000 1214040456584572.000 123305372929735.875 -999.000
23.0 10.0 -2188119.078 10406134.393 -1018344.519 -33526581.708 -1644831.690 -697049.020 -0.521 -0.050 -0.809 25.078 12.528 8.287 1130007308061593.250 111523721678940.438 1524404771693.981
22.0 10.0 -2841083.436 9656513.632 -1103436.577 -32440842.709 -1097013.420 -844930.855 -0.528 -0.036 -0.792 25.046 12.537 8.286 1063262945641100.000 94574866005940.844 1944046928943.186
21.0 10.0 -2034640.037 9247975.710 -610710.797 -31349611.640 -820418.240 -1097193.942 -0.521 -0.028 -0.662 25.070 12.545 8.334 990303792885543.375 86290068058077.000 1582225052046.784
20.0 10.0 -1936110.831 8486476.939 -486896.099 -30135624.238 -518417.297 -1179500.506 -0.520 -0.019 -0.625 25.075 12.552 8.344 912980877618165.750 72415226753821.141 1637909300655.917
19.0 10.0 -2021188.323 7857722.486 -588173.650 -28966424.328 -569002.950 -1146689.698 -0.522 -0.023 -0.651 25.063 12.545 8.333 845090923430928.875 62411467379094.984 1678136664761.128
18.0 10.0 -1714984.244 7167602.610 29956.148 -27781767.115 -206931.588 -1147002.374 -0.520 -0.009 -0.492 25.077 12.559 8.373 775653174898759.625 51522093419883.086 1631779347025.244
17.0 10.0 -1574480.999 6627259.175 -518194.822 -26648551.922 -296342.070 -1114704.235 -0.519 -0.014 -0.639 25.073 12.553 8.336 715254394919584.875 44125488111739.938 1518055436126.800
16.0 10.0 -1677609.942 5854850.489 -464413.735 -25419543.567 -82444.564 -1101489.791 -0.521 -0.004 -0.627 25.065 12.555 8.338 650501135841156.750 34799120134593.812 1438161366314.416
90.0 15.0 -4224591.568 30046150.522 -999.000 60693237.943 4320038.059 -999.000 0.522 0.045 -999.000 25.053 12.525 -999.000 3707648363616909.500 922142865020635.125 -999.000
89.0 15.0 -3769536.575 29971338.161 -999.000 61176425.083 4065901.057 -999.000 0.520 0.043 -999.000 25.042 12.523 -999.000 3761963185152305.500 916124435364505.375 -999.000
88.0 15.0 -4297286.984 30198233.136 -999.000 61587263.978 4413958.860 -999.000 0.522 0.046 -999.000 25.053 12.526 -999.000 3817741927752028.500 931978662566393.500 -999.000
87.0 15.0 -4784886.540 30258000.427 -999.000 61998655.179 4088447.834 -999.000 0.525 0.043 -999.000 25.061 12.523 -999.000 3873094635553543.000 933834151155440.375 -999.000
86.0 15.0 -4357132.800 30297555.542 -999.000 62385001.042 4445338.878 -999.000 0.522 0.046 -999.000 25.053 12.526 -999.000 3917291686448652.000 938272942061502.875 -999.000
85.0 15.0 -4404712.189 30209155.800 -999.000 62833476.172 4346184.474 -999.000 0.522 0.045 -999.000 25.052 12.525 -999.000 3976680080775531.500 932393717682234.500 -999.000
84.0 15.0 -4409230.570 30339083.778 -999.000 63083544.658 4523894.453 -999.000 0.522 0.047 -999.000 25.053 12.526 -999.000 4005513411041261.500 941332710506324.500 -999.000
83.0 15.0 -4317800.056 30253503.201 -999.000 63685145.929 4293379.948 -999.000 0.522 0.045 -999.000 25.047 12.525 -999.000 4081511162693176.500 934490750324916.250 -999.000
82.0 15.0 -4565550.751 30304903.398 -999.000 63724783.896 4677489.924 -999.000 0.523 0.049 -999.000 25.052 12.526 -999.000 4090724999789394.500 941930687111093.250 -999.000
81.0 15.0 -4473168.802 30305644.285 -999.000 63940474.235 4599136.862 -999.000 0.522 0.048 -999.000 25.053 12.527 -999.000 4115082015936685.000 939818314738435.125 -999.000
80.0 15.0 -3961379.546 30107165.235 -999.000 64201541.670 4326749.991 -999.000 0.520 0.045 -999.000 25.042 12.525 -999.000 4143310717089193.500 926127121851037.875 -999.000
79.0 15.0 -4644520.444 30103012.948 -999.000 64458705.779 4494741.970 -999.000 0.523 0.047 -999.000 25.053 12.526 -999.000 4186378941000073.000 926956742809535.500 -999.000
78.0 15.0 -3987588.585 29990869.126 -999.000 64590696.620 4382138.725 -999.000 0.520 0.046 -999.000 25.042 12.525 -999.000 4193714145982559.500 919471593662515.250 -999.000
77.0 15.0 -4405733.634 29969464.350 -999.000 65120910.245 4280365.610 -999.000 0.522 0.045 -999.000 25.047 12.525 -999.000 4269931742676059.000 917249624717452.375 -999.000
76.0 15.0 -4420615.368 29868648.984 -999.000 65248906.376 4331316.711 -999.000 0.522 0.046 -999.000 25.047 12.525 -999.000 4286782171012816.500 911541136349986.750 -999.000
75.0 15.0 -4535554.295 29890798.264 -999.000 65136028.631 4010090.587 -999.000 0.522 0.042 -999.000 25.050 12.522 -999.000 4273171245240815.000 911370747186593.125 -999.000
74.0 15.0 -4433278.428 29629352.208 -999.000 65424956.512 4313868.857 -999.000 0.522 0.046 -999.000 25.047 12.525 -999.000 4309947794139060.500 897149856775814.750 -999.000
73.0 15.0 -4543965.560 29618694.879 -999.000 65258865.710 4047848.128 -999.000 0.522 0.043 -999.000 25.050 12.523 -999.000 4289299857938851.000 895335105446142.000 -999.000
72.0 15.0 -5056556.508 29135783.453 -999.000 65240255.199 4848640.691 -999.000 0.525 0.052 -999.000 25.055 12.530 -999.000 4294761793363242.000 873126472740872.000 -999.000
71.0 15.0 -5410425.370 29128711.641 -999.000 65048310.964 4495219.732 -999.000 0.526 0.049 -999.000 25.067 12.525 -999.000 4267058608035576.500 869149187731234.000 -999.000
70.0 15.0 -4799862.124 29051226.950 -999.000 65088088.002 4801637.731 -999.000 0.523 0.052 -999.000 25.053 12.528 -999.000 4269076792508154.000 868451371367588.625 -999.000
69.0 15.0 -4026297.697 28729365.832 -999.000 65023480.607 4491386.541 -999.000 0.520 0.049 -999.000 25.042 12.527 -999.000 4250203881723269.000 845742159131315.125 -999.000
68.0 15.0 -4532536.643 28723650.489 -999.000 65099484.737 4024572.342 -999.000 0.522 0.044 -999.000 25.050 12.523 -999.000 4268375766805230.000 842741770850908.000 -999.000
67.0 15.0 -4417719.973 28367560.968 -999.000 65202005.505 4355827.455 -999.000 0.522 0.048 -999.000 25.047 12.526 -999.000 4280626539893510.500 823941717211629.875 -999.000
66.0 15.0 -4515443.970 28275561.646 -999.000 64849714.486 4034000.228 -999.000 0.522 0.045 -999.000 25.050 12.524 -999.000 4235693824038447.500 817108339884497.250 -999.000
65.0 15.0 -4000995.817 27834468.563 -999.000 64523007.878 4439884.427 -999.000 0.520 0.050 -999.000 25.042 12.527 -999.000 4185063976590426.500 794731469627772.750 -999.000
64.0 15.0 -4998801.600 27741428.464 -999.000 64302322.866 4356594.762 -999.000 0.525 0.050 -999.000 25.061 12.526 -999.000 4166658677728431.500 788952341736493.375 -999.000
63.0 15.0 -4646338.882 27319007.292 -999.000 64161774.329 4584116.834 -999.000 0.523 0.053 -999.000 25.053 12.529 -999.000 4148113651776873.500 767821762982459.250 -999.000
62.0 15.0 -4627771.177 27020903.341 -999.000 63917285.077 4597331.895 -999.000 0.523 0.054 -999.000 25.053 12.530 -999.000 4116561126856490.500 751826917298301.375 -999.000
61.0 15.0 -4700225.650 26795561.848 -999.000 63604384.215 4767581.586 -999.000 0.523 0.056 -999.000 25.053 12.530 -999.000 4076784681914504.000 742556397128783.500 -999.000
60.0 15.0 -3928087.553 26372424.769 -999.000 63301047.178 4406566.162 -999.000 0.520 0.053 -999.000 25.042 12.529 -999.000 4028053024584045.000 715686472058119.750 -999.000
59.0 15.0 -4424739.527 26120189.999 -999.000 63234475.308 4362955.399 -999.000 0.522 0.053 -999.000 25.049 12.529 -999.000 4025290098168754.500 701756182494071.625 -999.000
58.0 15.0 -4379701.008 25921216.355 -999.000 62795288.452 3973409.948 -999.000 0.522 0.048 -999.000 25.050 12.525 -999.000 3971698257745469.000 688477406860099.750 -999.000
57.0 15.0 -4368663.880 25500421.727 -999.000 62234952.951 4595049.995 -999.000 0.522 0.057 -999.000 25.053 12.532 -999.000 3898669941256419.000 672161122761415.125 -999.000
56.0 15.0 -4794006.557 25183852.138 -999.000 61838495.963 4235765.407 -999.000 0.525 0.053 -999.000 25.061 12.528 -999.000 3853307645852122.500 652398304340090.875 -999.000
55.0 15.0 -5102322.547 24646050.889 -999.000 61382142.181 4360545.957 -999.000 0.526 0.056 -999.000 25.067 12.529 -999.000 3799686226936458.500 626970974816879.250 -999.000
54.0 15.0 -3940982.030 24250718.189 -999.000 60981492.040 4220881.926 -999.000 0.521 0.055 -999.000 25.045 12.530 -999.000 3739659464092384.500 607015212878938.125 -999.000
53.0 15.0 -5023958.452 23856128.894 -999.000 60463441.282 4295318.568 -999.000 0.526 0.057 -999.000 25.067 12.530 -999.000 3686800911511046.000 588157133942250.625 -999.000
52.0 15.0 -4979291.469 23439236.449 -999.000 59968160.246 4282344.383 -999.000 0.526 0.058 -999.000 25.067 12.530 -999.000 3626624697510403.500 568399175974333.875 -999.000
51.0 15.0 -4605003.010 23181864.498 -999.000 59482590.998 4094125.896 -999.000 0.525 0.056 -999.000 25.061 12.529 -999.000 3565201055502028.000 554652705403878.938 -999.000
50.0 15.0 -4884024.506 22577230.570 -999.000 58906279.748 4246861.383 -999.000 0.526 0.059 -999.000 25.067 12.531 -999.000 3499281355595716.500 528533901439679.875 -999.000
49.0 15.0 -4111647.849 22145704.742 -999.000 58456509.236 4331914.292 -999.000 0.522 0.061 -999.000 25.052 12.534 -999.000 3442178273514310.500 510169524921293.188 -999.000
48.0 15.0 -4037804.221 21810089.264 -999.000 57780063.545 4364998.305 -999.000 0.522 0.063 -999.000 25.053 12.535 -999.000 3360475385204694.000 495691842543139.625 -999.000
47.0 15.0 -4308059.588 21388971.308 -999.000 57176719.123 3958986.196 -999.000 0.524 0.058 -999.000 25.059 12.531 -999.000 3293125979782930.500 473787709587954.000 -999.000
46.0 15.0 -4418630.305 20606582.839 -999.000 56679047.457 4274249.150 -999.000 0.525 0.065 -999.000 25.055 12.537 -999.000 3242317178790824.500 443608690213188.562 -999.000
45.0 15.0 -3831647.018 20311759.820 -999.000 56156867.980 3979573.495 -999.000 0.522 0.062 -999.000 25.047 12.535 -999.000 3173756067629515.000 429302485244376.500 -999.000
44.0 15.0 -3882002.312 19757372.135 -999.000 55276401.245 4172579.602 -999.000 0.522 0.066 -999.000 25.052 12.537 -999.000 3077896944559586.500 408717872692452.062 -999.000
43.0 15.0 -3829414.749 19246525.341 -999.000 54576817.041 4159733.836 -999.000 0.522 0.068 -999.000 25.052 12.538 -999.000 3000478136357218.500 388639577924497.500 -999.000
42.0 15.0 -4428023.852 18739312.019 -999.000 53745662.463 3886978.180 -999.000 0.526 0.065 -999.000 25.067 12.534 -999.000 2912875415318322.500 366983133393001.812 -999.000
41.0 15.0 -3623611.492 18211053.148 -999.000 53125025.379 4080930.972 -999.000 0.522 0.070 -999.000 25.050 12.539 -999.000 2842073162559386.500 349098932213016.438 -999.000
40.0 15.0 -3851522.387 17534820.118 -999.000 52443020.017 4060901.222 -999.000 0.523 0.072 -999.000 25.051 12.542 -999.000 2773609863524328.500 324656958222519.500 -999.000
39.0 15.0 -3425417.290 17164550.134 -999.000 51889186.048 3633045.100 -999.000 0.521 0.066 -999.000 25.045 12.537 -999.000 2710585532389586.500 308488325576022.312 -999.000
38.0 15.0 -3454342.360 16572319.594 -999.000 50772854.079 3941039.803 -999.000 0.522 0.074 -999.000 25.050 12.542 -999.000 2595985207193335.500 290748613250350.000 -999.000
37.0 15.0 -3670834.338 15862266.797 -999.000 50030092.491 3943786.561 -999.000 0.523 0.078 -999.000 25.051 12.545 -999.000 2524387367543845.500 268024565539686.281 -999.000
36.0 15.0 -3288115.042 15550419.147 -999.000 49020218.026 3919633.379 -999.000 0.521 0.079 -999.000 25.052 12.545 -999.000 2418054402003058.500 257451371367715.156 -999.000
35.0 15.0 -3182778.753 14842324.703 -999.000 48251807.282 3840934.003 -999.000 0.521 0.081 -999.000 25.048 12.546 -999.000 2343846422610110.500 235204891221096.156 -999.000
34.0 15.0 -3050954.537 14283810.420 -999.000 47683269.928 3412101.418 -999.000 0.520 0.075 -999.000 25.044 12.541 -999.000 2288305293021759.000 216003819802718.406 -999.000
33.0 15.0 -2906576.940 13681613.240 -999.000 46796257.097 3378378.915 -999.000 0.520 0.077 -999.000 25.042 12.543 -999.000 2203251679112052.000 198830139201247.188 -999.000
32.0 15.0 -2554851.421 13054150.925 -999.000 45495069.877 3434079.919 -999.000 0.518 0.082 -999.000 25.037 12.546 -999.000 2078839648949475.000 183505506886265.812 -999.000
31.0 15.0 -2787933.731 12452918.383 -999.000 44949966.745 3282265.638 -999.000 0.520 0.082 -999.000 25.042 12.546 -999.000 2032867034408195.500 165921966705284.031 -999.000
30.0 15.0 -2644745.138 11820339.261 -999.000 44008583.462 3246519.082 -999.000 0.519 0.085 -999.000 25.040 12.547 -999.000 1947969537824696.500 150299240528063.562 -999.000
29.0 15.0 -3060499.661 11018467.150 -999.000 42799971.216 3472718.025 -999.000 0.523 0.097 -999.000 25.049 12.557 -999.000 1847226082007142.000 135718304681941.156 -999.000
28.0 15.0 -2912653.977 10358188.920 -999.000 41817111.047 3450427.031 -999.000 0.522 0.102 -999.000 25.047 12.561 -999.000 1762758403638895.000 121392526133034.109 -999.000
27.0 15.0 -2839073.412 9714073.910 -999.000 40815109.657 3361317.332 -999.000 0.522 0.106 -999.000 25.047 12.563 -999.000 1679338266526847.500 107825182696611.969 -999.000
26.0 15.0 -2768316.229 9040287.364 -999.000 39794856.660 3349385.015 -999.000 0.522 0.113 -999.000 25.047 12.568 -999.000 1596499026015040.000 94909338805050.969 -999.000
25.0 15.0 -2258864.271 8541406.471 -999.000 38877182.402 3142071.353 -999.000 0.518 0.112 -999.000 25.038 12.565 -999.000 1518775075819405.750 83162804516640.781 -999.000
24.0 15.0 -2157590.682 8039162.158 -999.000 37735374.170 2791488.053 -999.000 0.518 0.106 -999.000 25.039 12.557 -999.000 1431660263836728.500 72947248926563.219 -999.000
90.0 20.0 57184422.126 -17124266.038 -999.000 -31854476.373 29374213.905 -999.000 -0.162 0.668 -999.000 24.987 12.484 -999.000 4291323121914962.000 1158103477775833.500 -999.000
89.0 20.0 57765389.623 -17149254.376 -999.000 -32188364.932 29546123.177 -999.000 -0.162 0.667 -999.000 24.987 12.484 -999.000 4379561613317974.000 1169175300545885.500 -999.000
88.0 20.0 58032223.763 -17026841.372 -999.000 -32967074.474 29621383.989 -999.000 -0.164 0.666 -999.000 24.976 12.485 -999.000 4462047859484968.000 1168970788854572.250 -999.000
87.0 20.0 58510866.040 -17207695.433 -999.000 -33185417.334 29630928.792 -999.000 -0.164 0.667 -999.000 24.975 12.484 -999.000 4535200382145382.000 1175214468579781.000 -999.000
86.0 20.0 58764984.436 -17251510.238 -999.000 -33806528.757 29719441.622 -999.000 -0.166 0.667 -999.000 24.966 12.484 -999.000 4603574186639433.000 1182119853430032.750 -999.000
85.0 20.0 59891661.378 -17355838.227 -999.000 -33772354.859 29979128.058 -999.000 -0.163 0.667 -999.000 24.980 12.485 -999.000 4735966251295816.000 1201088791998398.250 -999.000
84.0 20.0 60295335.489 -17154520.386 -999.000 -34211899.173 29952795.545 -999.000 -0.164 0.666 -999.000 24.976 12.483 -999.000 4816952972632142.000 1192712825215928.750 -999.000
83.0 20.0 60377129.032 -17185702.431 -999.000 -34241160.379 30226350.902 -999.000 -0.164 0.665 -999.000 24.976 12.482 -999.000 4827193694146013.000 1210526451553272.000 -999.000
82.0 20.0 61215487.294 -17306832.239 -999.000 -34558887.464 30197565.402 -999.000 -0.164 0.666 -999.000 24.980 12.484 -999.000 4950579980671508.000 1212712623202204.250 -999.000
81.0 20.0 61166632.478 -17193310.144 -999.000 -34912126.311 30103325.906 -999.000 -0.165 0.665 -999.000 24.973 12.483 -999.000 4971466583097435.000 1203346369441604.000 -999.000
80.0 20.0 61856140.382 -17198573.851 -999.000 -34817774.734 30314812.776 -999.000 -0.163 0.664 -999.000 24.983 12.482 -999.000 5045887477853445.000 1217367490840732.000 -999.000
79.0 20.0 61880205.824 -16990027.322 -999.000 -35537227.151 30251908.432 -999.000 -0.166 0.663 -999.000 24.973 12.483 -999.000 5100759547435072.000 1206022000849312.250 -999.000
78.0 20.0 62199251.001 -16918370.106 -999.000 -35733263.846 30263980.698 -999.000 -0.166 0.662 -999.000 24.973 12.483 -999.000 5154456672089347.000 1204441744585766.500 -999.000
77.0 20.0 62796160.736 -16909441.328 -999.000 -35460939.293 30281168.511 -999.000 -0.164 0.662 -999.000 24.980 12.480 -999.000 5208544375835638.000 1205471323560694.250 -999.000
76.0 20.0 63029084.141 -16991774.702 -999.000 -35664365.619 30290938.883 -999.000 -0.164 0.663 -999.000 24.982 12.481 -999.000 5252249248584559.000 1208976178107561.000 -999.000
75.0 20.0 62887058.940 -16878277.009 -999.000 -36256406.885 30058645.840 -999.000 -0.166 0.663 -999.000 24.969 12.481 -999.000 5280713470356836.000 1190211675088094.250 -999.000
74.0 20.0 63127221.506 -16760050.779 -999.000 -36199334.314 30198628.061 -999.000 -0.166 0.661 -999.000 24.973 12.480 -999.000 5305674206444010.000 1194370208004389.000 -999.000
73.0 20.0 63350682.092 -16516900.312 -999.000 -36604809.924 30034657.730 -999.000 -0.167 0.660 -999.000 24.971 12.481 -999.000 5362449470617728.000 1177414595140195.500 -999.000
72.0 20.0 63821287.994 -16514503.651 -999.000 -36252001.689 29947463.901 -999.000 -0.164 0.660 -999.000 24.978 12.479 -999.000 5395652766007511.000 1172190671938654.750 -999.000
71.0 20.0 63866822.322 -16795089.636 -999.000 -36357139.384 29548493.862 -999.000 -0.165 0.665 -999.000 24.976 12.484 -999.000 5412046135729020.000 1157788556273431.000 -999.000
70.0 20.0 64013600.200 -16291419.479 -999.000 -36527428.059 29716163.274 -999.000 -0.165 0.660 -999.000 24.976 12.479 -999.000 5440411051271409.000 1151041918406433.500 -999.000
69.0 20.0 64124261.985 -16151076.776 -999.000 -36999446.766 29466915.192 -999.000 -0.167 0.660 -999.000 24.971 12.479 -999.000 5493087146397791.000 1130919774749738.000 -999.000
68.0 20.0 64181953.414 -16152433.751 -999.000 -36570900.786 29486380.787 -999.000 -0.165 0.660 -999.000 24.980 12.480 -999.000 5464329212276225.000 1133088677195581.000 -999.000
67.0 20.0 64100993.105 -16278355.733 -999.000 -36687135.197 28984575.046 -999.000 -0.165 0.663 -999.000 24.975 12.483 -999.000 5466211057667460.000 1107792903947770.625 -999.000
66.0 20.0 64158635.072 -15863786.656 -999.000 -36732669.999 29136803.481 -999.000 -0.166 0.659 -999.000 24.978 12.479 -999.000 5473160001658910.000 1103313536956195.125 -999.000
65.0 20.0 63778545.272 -15610632.997 -999.000 -36984730.232 28964890.913 -999.000 -0.167 0.657 -999.000 24.969 12.478 -999.000 5445909903081402.000 1084046933850766.000 -999.000
64.0 20.0 63761557.657 -15291153.265 -999.000 -37258416.568 28659199.829 -999.000 -0.168 0.656 -999.000 24.967 12.479 -999.000 5462997861285580.000 1057703024004002.000 -999.000
63.0 20.0 64015973.566 -15382817.979 -999.000 -36699286.654 28474555.062 -999.000 -0.166 0.658 -999.000 24.978 12.479 -999.000 5452224221013175.000 1050066087570693.625 -999.000
62.0 20.0 63855518.422 -15180741.485 -999.000 -36763303.555 28243007.100 -999.000 -0.166 0.657 -999.000 24.976 12.478 -999.000 5436355915569327.000 1030685981712713.625 -999.000
61.0 20.0 63678531.212 -15240130.150 -999.000 -36682703.993 27656432.876 -999.000 -0.166 0.660 -999.000 24.973 12.482 -999.000 5411862479858576.000 999838569479350.500 -999.000
60.0 20.0 63197531.238 -14704077.362 -999.000 -37082647.544 27561218.955 -999.000 -0.169 0.656 -999.000 24.964 12.477 -999.000 5379890248887377.000 977620396637485.000 -999.000
59.0 20.0 63044721.409 -14385455.258 -999.000 -36794037.315 27526465.880 -999.000 -0.168 0.653 -999.000 24.967 12.476 -999.000 5338512561653338.000 965879769282709.125 -999.000
58.0 20.0 63171853.814 -14217599.671 -999.000 -36517010.500 27104300.211 -999.000 -0.167 0.654 -999.000 24.973 12.475 -999.000 5332848888197231.000 938663785065633.375 -999.000
57.0 20.0 62635090.774 -13899479.099 -999.000 -36858384.245 26751763.477 -999.000 -0.169 0.653 -999.000 24.966 12.477 -999.000 5290667144864952.000 911126675107931.875 -999.000
56.0 20.0 62637689.664 -13827495.477 -999.000 -36307599.132 26538990.994 -999.000 -0.167 0.653 -999.000 24.975 12.476 -999.000 5248460357444041.000 897503653313604.250 -999.000
55.0 20.0 62037395.766 -13442653.979 -999.000 -36678973.175 26072739.907 -999.000 -0.170 0.652 -999.000 24.964 12.477 -999.000 5202532382218176.000 862654312984397.750 -999.000
54.0 20.0 61729713.127 -13186670.730 -999.000 -36515770.779 25724632.598 -999.000 -0.170 0.651 -999.000 24.964 12.477 -999.000 5152468997780708.000 837761488707917.125 -999.000
53.0 20.0 61073469.886 -13128928.416 -999.000 -36585751.146 25221691.197 -999.000 -0.172 0.653 -999.000 24.953 12.476 -999.000 5074468639315785.000 809465807023419.000 -999.000
52.0 20.0 61246160.624 -13175107.590 -999.000 -35707922.889 24716585.626 -999.000 -0.168 0.656 -999.000 24.969 12.480 -999.000 5036543036310001.000 786835870408075.125 -999.000
51.0 20.0 60858084.508 -12927271.275 -999.000 -35501348.052 24303568.324 -999.000 -0.168 0.656 -999.000 24.969 12.480 -999.000 4974382402420007.000 760088123054392.750 -999.000
50.0 20.0 60075202.073 -12303450.636 -999.000 -35829795.407 24067759.433 -999.000 -0.171 0.650 -999.000 24.959 12.474 -999.000 4901525135082821.000 731817329609385.375 -999.000
49.0 20.0 59983714.806 -11951069.342 -999.000 -35234162.277 23782195.985 -999.000 -0.169 0.648 -999.000 24.967 12.472 -999.000 4847198790728234.000 709335133649615.000 -999.000
48.0 20.0 59531086.497 -11754695.697 -999.000 -34932343.302 23415316.897 -999.000 -0.169 0.648 -999.000 24.971 12.473 -999.000 4770544029378456.000 687664105743945.500 -999.000
47.0 20.0 58956088.490 -11783636.724 -999.000 -34728734.305 22597315.688 -999.000 -0.169 0.653 -999.000 24.966 12.478 -999.000 4691148281581938.000 651483277339393.875 -999.000
46.0 20.0 58574793.357 -11256294.642 -999.000 -34752040.380 22405643.790 -999.000 -0.170 0.648 -999.000 24.964 12.475 -999.000 4647032303963708.000 629497716004511.625 -999.000
45.0 20.0 57936003.454 -10606773.577 -999.000 -34592535.590 21917745.103 -999.000 -0.171 0.643 -999.000 24.962 12.470 -999.000 4560097926054333.000 593140023311515.500 -999.000
44.0 20.0 57461423.810 -10505143.592 -999.000 -34248242.586 21306548.464 -999.000 -0.171 0.646 -999.000 24.962 12.471 -999.000 4483899774651739.500 565195532298528.500 -999.000
43.0 20.0 56412650.304 -10190536.791 -999.000 -34040368.942 20840008.641 -999.000 -0.173 0.645 -999.000 24.955 12.471 -999.000 4348051796894962.500 538623612304858.875 -999.000
42.0 20.0 56218279.297 -9892530.932 -999.000 -33682056.764 20273828.444 -999.000 -0.172 0.645 -999.000 24.960 12.471 -999.000 4303369944475908.500 509790817198851.125 -999.000
41.0 20.0 55495044.484 -9481052.490 -999.000 -33019784.985 19918493.416 -999.000 -0.171 0.641 -999.000 24.964 12.468 -999.000 4176474448205106.000 487413640182934.250 -999.000
40.0 20.0 54897249.449 -9327401.378 -999.000 -32950877.357 19343590.868 -999.000 -0.172 0.643 -999.000 24.961 12.473 -999.000 4106434269249336.500 461601945019638.875 -999.000
39.0 20.0 53514242.254 -8896082.258 -999.000 -33035731.897 18643810.522 -999.000 -0.176 0.642 -999.000 24.942 12.470 -999.000 3956819184049923.500 426824981860550.125 -999.000
38.0 20.0 53359729.619 -8478299.960 -999.000 -32063977.712 18243831.956 -999.000 -0.172 0.638 -999.000 24.960 12.466 -999.000 3880910865164713.500 405693441652557.875 -999.000
37.0 20.0 52281710.376 -8169313.924 -999.000 -32046532.821 17548763.478 -999.000 -0.175 0.639 -999.000 24.950 12.468 -999.000 3764869142654679.500 374781512985760.188 -999.000
36.0 20.0 51898778.437 -7573920.833 -999.000 -31569081.896 17037834.425 -999.000 -0.174 0.633 -999.000 24.957 12.464 -999.000 3695026971903162.000 347982044085105.312 -999.000
35.0 20.0 50725657.677 -7439817.796 -999.000 -31263831.965 16357411.178 -999.000 -0.176 0.636 -999.000 24.948 12.466 -999.000 3554248341970914.000 323091449840165.562 -999.000
34.0 20.0 50314484.695 -7208541.146 -999.000 -30765927.799 15843864.472 -999.000 -0.175 0.636 -999.000 24.955 12.469 -999.000 3482958140491480.000 303024415362315.688 -999.000
33.0 20.0 49112230.333 -6493546.994 -999.000 -30512519.946 15182867.177 -999.000 -0.177 0.629 -999.000 24.948 12.466 -999.000 3345920022013080.500 273943107855877.312 -999.000
32.0 20.0 48667784.098 -6365437.353 -999.000 -29866745.079 14422699.863 -999.000 -0.175 0.632 -999.000 24.953 12.464 -999.000 3265636695661846.000 249954525602689.719 -999.000
31.0 20.0 47284282.721 -5941456.454 -999.000 -29584717.305 13817604.236 -999.000 -0.178 0.629 -999.000 24.942 12.463 -999.000 3112696208183566.500 226453938811079.469 -999.000
30.0 20.0 46822259.802 -5613633.398 -999.000 -29017260.370 13107989.989 -999.000 -0.177 0.629 -999.000 24.950 12.462 -999.000 3038125183628431.000 204830516908148.312 -999.000
90.0 25.0 -58376823.481 -28920439.787 -999.000 3483331.580 3364183.572 -999.000 0.981 0.963 -999.000 25.048 12.524 -999.000 3426792760410866.500 848548726908172.875 -999.000
89.0 25.0 -59402644.378 -28978041.791 -999.000 3396955.583 2928148.804 -999.000 0.982 0.968 -999.000 25.053 12.527 -999.000 3546282459211162.500 849812485747174.500 -999.000
88.0 25.0 -60257438.535 -29127266.358 -999.000 3004434.133 3322830.014 -999.000 0.984 0.964 -999.000 25.061 12.523 -999.000 3645553202105300.000 860837970382501.500 -999.000
87.0 25.0 -60855443.517 -29348648.176 -999.000 3585317.389 3302491.769 -999.000 0.981 0.964 -999.000 25.047 12.524 -999.000 3725428330219199.500 874280966855787.375 -999.000
86.0 25.0 -61771067.979 -29489377.418 -999.000 3170010.826 3501623.013 -999.000 0.984 0.962 -999.000 25.058 12.522 -999.000 3832777284694756.000 883054260606053.375 -999.000
85.0 25.0 -62468272.924 -29593143.470 -999.000 3088570.816 3447489.868 -999.000 0.984 0.963 -999.000 25.060 12.522 -999.000 3919025150171494.500 888765538376997.250 -999.000
84.0 25.0 -62746481.634 -29505344.602 -999.000 3320185.510 3189212.330 -999.000 0.983 0.966 -999.000 25.054 12.525 -999.000 3953749834403291.000 881251758203606.500 -999.000
83.0 25.0 -63381240.057 -29715915.584 -999.000 3503615.359 3208270.576 -999.000 0.982 0.966 -999.000 25.052 12.525 -999.000 4037638973041288.000 893915444796277.125 -999.000
82.0 25.0 -64243568.351 -29649776.116 -999.000 3495131.293 2703174.720 -999.000 0.983 0.971 -999.000 25.054 12.529 -999.000 4146442546225766.500 888076787271826.750 -999.000
81.0 25.0 -64614482.963 -29651656.403 -999.000 3271971.394 3059019.106 -999.000 0.984 0.967 -999.000 25.056 12.526 -999.000 4191621414158438.500 888909054224362.125 -999.000
80.0 25.0 -65534001.353 -29756215.681 -999.000 2486651.269 2957103.511 -999.000 0.988 0.968 -999.000 25.074 12.526 -999.000 4307144099212031.500 894630093049095.750 -999.000
79.0 25.0 -65962022.430 -29669910.190 -999.000 3445700.077 2561930.314 -999.000 0.983 0.973 -999.000 25.056 12.529 -999.000 4370168725366375.500 888743247488165.875 -999.000
78.0 25.0 -66433084.713 -29775976.852 -999.000 3613510.680 2963741.965 -999.000 0.983 0.968 -999.000 25.051 12.526 -999.000 4437489678111927.500 896744245887012.625 -999.000
77.0 25.0 -66886935.825 -29652308.109 -999.000 3506258.082 3148121.045 -999.000 0.983 0.966 -999.000 25.054 12.524 -999.000 4496354070636345.500 890519022459889.125 -999.000
76.0 25.0 -67601978.736 -29729610.100 -999.000 3133550.865 3069602.303 -999.000 0.985 0.967 -999.000 25.061 12.524 -999.000 4587860691845198.000 894062942096807.750 -999.000
75.0 25.0 -67657611.636 -29488048.088 -999.000 3256183.973 2748675.178 -999.000 0.985 0.970 -999.000 25.058 12.528 -999.000 4594694697432950.000 877255679362909.750 -999.000
74.0 25.0 -68328045.414 -29360859.386 -999.000 2902669.160 3015163.272 -999.000 0.986 0.967 -999.000 25.063 12.526 -999.000 4685897047601229.000 871685316132196.500 -999.000
73.0 25.0 -68444001.933 -29420885.857 -999.000 3430299.001 2670969.871 -999.000 0.984 0.971 -999.000 25.055 12.529 -999.000 4705729007478217.000 873159077165412.875 -999.000
72.0 25.0 -69162590.308 -29249211.895 -999.000 2456876.598 2531180.895 -999.000 0.989 0.973 -999.000 25.075 12.528 -999.000 4795821054685997.000 862178682888050.500 -999.000
71.0 25.0 -69137277.870 -29147126.026 -999.000 3322617.294 2562698.297 -999.000 0.985 0.972 -999.000 25.057 12.529 -999.000 4800569793565327.000 856687651751797.375 -999.000
70.0 25.0 -69778762.197 -28908760.107 -999.000 2911277.491 2434509.924 -999.000 0.987 0.973 -999.000 25.067 12.528 -999.000 4884654583336496.000 841963292011096.000 -999.000
69.0 25.0 -70068623.637 -28778914.561 -999.000 2458687.982 2290444.175 -999.000 0.989 0.975 -999.000 25.075 12.529 -999.000 4921926600636077.000 834093164082298.500 -999.000
68.0 25.0 -70361064.158 -28689873.110 -999.000 2916062.728 2523531.500 -999.000 0.987 0.972 -999.000 25.065 12.527 -999.000 4967198656691002.000 829516273410107.250 -999.000
67.0 25.0 -70533610.071 -28370275.639 -999.000 2322407.407 2175081.249 -999.000 0.990 0.976 -999.000 25.077 12.530 -999.000 4986259765099175.000 810303711292462.000 -999.000
66.0 25.0 -70551008.706 -28176646.422 -999.000 3338594.817 2166283.333 -999.000 0.985 0.976 -999.000 25.056 12.530 -999.000 5001112591297151.000 800108991890128.000 -999.000
65.0 25.0 -70530815.433 -27789192.167 -999.000 3032172.341 2124389.075 -999.000 0.986 0.976 -999.000 25.061 12.531 -999.000 4991085279312412.000 777409105849124.625 -999.000
64.0 25.0 -71007846.952 -27625045.978 -999.000 2182469.962 1915577.912 -999.000 0.990 0.978 -999.000 25.078 12.531 -999.000 5052203795698127.000 767723955902156.125 -999.000
63.0 25.0 -70762414.821 -27249566.564 -999.000 2896398.570 1953215.544 -999.000 0.987 0.977 -999.000 25.063 12.532 -999.000 5022983197572265.000 747074127605447.625 -999.000
62.0 25.0 -71159490.103 -27006254.764 -999.000 2613527.922 1798159.942 -999.000 0.988 0.979 -999.000 25.070 12.531 -999.000 5077538306886366.000 733770107463332.250 -999.000
61.0 25.0 -71133974.729 -26625411.123 -999.000 2251893.146 1980432.960 -999.000 0.990 0.976 -999.000 25.072 12.531 -999.000 5072879620356228.000 713563334068851.000 -999.000
60.0 25.0 -71208408.244 -26348645.975 -999.000 2461656.281 1667083.812 -999.000 0.989 0.980 -999.000 25.072 12.532 -999.000 5083452718695573.000 698259502711148.375 -999.000
59.0 25.0 -71115760.758 -25939973.626 -999.000 2224512.124 1798690.014 -999.000 0.990 0.978 -999.000 25.072 12.532 -999.000 5069959893096995.000 676884847638567.000 -999.000
58.0 25.0 -70786987.791 -25724797.878 -999.000 2848539.172 1500549.111 -999.000 0.987 0.981 -999.000 25.063 12.534 -999.000 5028096694748328.000 665220505089882.125 -999.000
57.0 25.0 -70725288.342 -25210061.165 -999.000 2587149.840 1437754.439 -999.000 0.988 0.982 -999.000 25.067 12.534 -999.000 5015942265868527.000 638573029280899.125 -999.000
56.0 25.0 -70782684.070 -24931706.793 -999.000 2837551.446 1339423.930 -999.000 0.987 0.983 -999.000 25.061 12.534 -999.000 5030581679290198.000 625252946813010.500 -999.000
55.0 25.0 -70471577.836 -24329124.875 -999.000 2380407.245 1331017.079 -999.000 0.989 0.983 -999.000 25.068 12.534 -999.000 4981464460932328.000 594944241927168.250 -999.000
54.0 25.0 -70300421.991 -23892742.822 -999.000 2232809.371 1239657.113 -999.000 0.990 0.984 -999.000 25.070 12.534 -999.000 4956410533250351.000 573663733559726.625 -999.000
53.0 25.0 -70258628.216 -23621138.519 -999.000 2647629.442 1034712.082 -999.000 0.988 0.147 -999.000 25.063 12.536 -999.000 4955271378675352.000 560997461893822.250 -999.000
52.0 25.0 -70092471.426 -23019949.554 -999.000 2334861.830 499779.986 -999.000 0.989 0.993 -999.000 25.070 12.541 -999.000 4924585176560166.000 531953287076660.500 -999.000
51.0 25.0 -69939228.028 -22655645.532 2409835.309 1434495.678 666999.228 -1075214.863 0.993 -0.154 -0.134 25.086 12.538 8.346 4896158041191722.000 514440746680133.875 6990293071092.299
50.0 25.0 -69553117.295 -22053887.265 1276472.603 1638853.501 881447.915 -2104356.182 0.992 0.987 -0.326 25.078 12.538 8.262 4845568885617283.000 488102783400232.562 6063807260284.454
49.0 25.0 -68969708.132 -21480549.939 2326039.566 1971925.294 724155.359 -978947.176 0.991 -0.059 -0.127 25.072 12.538 8.344 4768914630266806.000 463095653117339.562 6525452194277.796
48.0 25.0 -68617594.272 -20954136.146 2498686.117 1819569.496 602859.267 -883415.375 0.992 -0.154 -0.108 25.074 12.538 8.349 4719479539831233.000 440546978847995.875 7115582263790.062
47.0 25.0 -68574407.007 -20565692.881 2864349.615 1089808.885 272237.649 -1118551.262 0.995 -0.437 -0.119 25.090 12.541 8.346 4705083285354898.000 423591493206247.750 9487375668620.475
46.0 25.0 -68157058.460 -20001622.565 2958475.903 943504.452 160926.597 -1106745.177 0.996 -0.531 -0.114 25.091 12.542 8.347 4647107313043381.000 400581816762535.688 9995733281643.539
45.0 25.0 -67335636.100 -19469237.242 2541364.289 1857720.733 163403.522 -1308602.147 0.991 -0.668 -0.151 25.072 12.544 8.333 4543825986426975.000 379414694183860.938 8315985562221.265
44.0 25.0 -66874695.979 -18672339.484 2757485.233 1556853.424 194717.596 -1044329.271 0.993 -0.484 -0.115 25.076 12.542 8.343 4481278429113861.500 349468005909187.000 8974140469466.844
43.0 25.0 -66361708.162 -18061200.588 2850575.716 1399522.097 93079.831 -963970.852 0.993 -0.578 -0.104 25.078 12.543 8.346 4411940616291253.000 326884796384989.250 9265357996138.295
42.0 25.0 -65949817.002 -17559152.894 2649477.290 1534951.835 185918.130 -1271735.474 0.993 -0.347 -0.142 25.076 12.540 8.330 4358297694458748.000 309017597574648.438 9631688170040.857
41.0 25.0 -65223132.809 -17005685.256 2792892.485 1460552.388 -237314.314 -1141516.510 0.993 -0.996 -0.123 25.076 12.548 8.339 4260977569498701.500 289356290187605.562 9277840192923.543
40.0 25.0 -64880768.385 -16221928.532 2345346.474 886510.297 -213273.338 -1671447.283 0.996 -0.996 -0.197 25.084 12.547 8.298 4213012323147385.500 263258245453978.188 9034020139433.006
39.0 25.0 -64326369.615 -15557803.265 2581126.533 859117.779 -510594.350 -1471315.363 0.996 -0.990 -0.165 25.088 12.549 8.318 4140801472195402.000 242868393877757.594 8882730254938.957
38.0 25.0 -63440426.614 -14913212.603 2838958.995 1178497.951 -228123.790 -968844.150 0.994 -0.799 -0.105 25.079 12.545 8.343 4031070507445727.000 222722122232472.312 9736931474061.635
37.0 25.0 -62833490.430 -14052727.754 2831740.907 1001849.949 -1040803.439 -742310.280 0.995 -0.976 -0.082 25.082 12.560 8.345 3952415355908628.000 199671087166959.125 8758350910145.766
90.0 30.0 -55187208.576 -26715582.699 -999.000 -5945826.059 -6122462.825 -999.000 -0.966 -0.928 -999.000 25.053 12.525 -999.000 3086001100228407.000 752931265784114.875 -999.000
89.0 30.0 -55868693.193 -26917646.536 -999.000 -6183150.205 -6018418.414 -999.000 -0.965 -0.930 -999.000 25.053 12.525 -999.000 3164172920380342.000 762320866575197.750 -999.000
88.0 30.0 -56921129.345 -27214054.246 -999.000 -7135927.359 -6018805.563 -999.000 -0.960 -0.931 -999.000 25.074 12.523 -999.000 3295477543504734.500 777697370191031.250 -999.000
87.0 30.0 -57637239.337 -27209674.921 -999.000 -6398702.316 -6210151.822 -999.000 -0.965 -0.929 -999.000 25.053 12.525 -999.000 3367903806098919.500 780307042779297.000 -999.000
86.0 30.0 -58527677.134 -27507669.987 -999.000 -6226413.434 -6034866.072 -999.000 -0.966 -0.931 -999.000 25.047 12.524 -999.000 3471350685252072.000 793952200289401.625 -999.000
85.0 30.0 -59476000.183 -27604367.118 -999.000 -6570943.176 -6064196.016 -999.000 -0.965 -0.931 -999.000 25.053 12.523 -999.000 3588750815488876.000 800647034159467.625 -999.000
84.0 30.0 -60287013.732 -27660925.739 -999.000 -7629401.431 -6329266.956 -999.000 -0.960 -0.928 -999.000 25.074 12.524 -999.000 3697684645677719.500 805870202349861.250 -999.000
83.0 30.0 -61135664.193 -27560861.927 -999.000 -6878203.282 -6669366.506 -999.000 -0.964 -0.924 -999.000 25.056 12.528 -999.000 3790958078754431.500 805374539101139.625 -999.000
82.0 30.0 -61684234.297 -27657509.474 -999.000 -6995934.983 -6476523.469 -999.000 -0.964 -0.927 -999.000 25.054 12.526 -999.000 3859451610877139.000 807917052858583.875 -999.000
81.0 30.0 -62605242.898 -27759668.983 -999.000 -7637765.702 -5979879.558 -999.000 -0.961 -0.932 -999.000 25.063 12.522 -999.000 3985265448430315.500 807988103759340.875 -999.000
80.0 30.0 -63134750.427 -27702997.102 -999.000 -7306092.276 -6568529.971 -999.000 -0.963 -0.926 -999.000 25.056 12.527 -999.000 4045156635566929.500 811450724105835.625 -999.000
79.0 30.0 -64049720.223 -27630770.278 -999.000 -7379572.737 -6901326.575 -999.000 -0.963 -0.922 -999.000 25.058 12.529 -999.000 4163355024561979.500 812710549843611.625 -999.000
78.0 30.0 -64665743.926 -27812483.729 -999.000 -7333801.594 -6478263.513 -999.000 -0.964 -0.927 -999.000 25.054 12.525 -999.000 4244831748726127.500 816846929081680.750 -999.000
77.0 30.0 -65306963.017 -27748327.042 -999.000 -8431469.435 -6718837.280 -999.000 -0.959 -0.924 -999.000 25.075 12.527 -999.000 4341381095280479.000 815280583136162.250 -999.000
76.0 30.0 -65993210.201 -27478971.350 -999.000 -7627924.708 -7069992.065 -999.000 -0.963 -0.920 -999.000 25.058 12.530 -999.000 4420088772613677.000 807003893087978.625 -999.000
75.0 30.0 -66351544.015 -27522120.294 -999.000 -7991867.333 -6481077.569 -999.000 -0.962 -0.926 -999.000 25.060 12.525 -999.000 4476829958058341.000 800200847332633.875 -999.000
74.0 30.0 -67078428.943 -27495021.421 -999.000 -8827616.622 -6860289.189 -999.000 -0.958 -0.922 -999.000 25.077 12.528 -999.000 4582528692740788.000 803278506102391.125 -999.000
73.0 30.0 -67463232.573 -27308633.515 -999.000 -8159119.315 -6518591.272 -999.000 -0.962 -0.925 -999.000 25.060 12.525 -999.000 4628474543337815.000 788787274490252.375 -999.000
72.0 30.0 -68178011.530 -27281269.016 -999.000 -8143341.998 -6857447.730 -999.000 -0.962 -0.922 -999.000 25.058 12.529 -999.000 4727225255453848.000 791814441459808.500 -999.000
71.0 30.0 -68679093.968 -26862111.956 -999.000 -8257552.572 -7207475.146 -999.000 -0.962 -0.917 -999.000 25.061 12.532 -999.000 4791965419288303.000 775593268457279.250 -999.000
70.0 30.0 -68914648.592 -26832065.226 -999.000 -8485800.000 -6618044.198 -999.000 -0.961 -0.923 -999.000 25.061 12.527 -999.000 4832132406722076.000 763879723509414.500 -999.000
69.0 30.0 -69345723.736 -26634561.232 -999.000 -8559125.139 -6636733.525 -999.000 -0.961 -0.922 -999.000 25.061 12.527 -999.000 4893025404832137.000 753472775508190.750 -999.000
68.0 30.0 -69902428.809 -26501328.980 -999.000 -8437857.498 -6798158.658 -999.000 -0.962 -0.920 -999.000 25.060 12.529 -999.000 4968072250831013.000 749432475070952.500 -999.000
67.0 30.0 -70261102.999 -26259518.795 -999.000 -8615918.529 -6809265.858 -999.000 -0.961 -0.919 -999.000 25.061 12.529 -999.000 5021446589931622.000 736888347088232.375 -999.000
66.0 30.0 -70604472.340 -25965157.546 -999.000 -9685772.053 -7032806.083 -999.000 -0.957 -0.916 -999.000 25.081 12.532 -999.000 5082850852069802.000 724571240157793.125 -999.000
65.0 30.0 -70944014.688 -25678720.906 -999.000 -9378571.116 -6539267.960 -999.000 -0.958 -0.921 -999.000 25.070 12.529 -999.000 5128772743277118.000 702515349009898.250 -999.000
64.0 30.0 -71280686.726 -25393043.369 -999.000 -9333683.058 -6927705.271 -999.000 -0.959 -0.915 -999.000 25.072 12.531 -999.000 5174772696088542.000 693893988398069.750 -999.000
63.0 30.0 -71443721.679 -25105170.333 -999.000 -8960139.042 -6832203.022 -999.000 -0.960 -0.915 -999.000 25.063 12.532 -999.000 5195034503682060.000 678149769906608.000 -999.000
62.0 30.0 -71743236.650 -24744250.267 -999.000 -9554646.528 -6895757.697 -999.000 -0.958 -0.913 -999.000 25.074 12.532 -999.000 5244869422613102.000 661037450951245.125 -999.000
61.0 30.0 -71936243.188 -24393929.142 -999.000 -9593960.688 -6874305.096 -999.000 -0.958 -0.913 -999.000 25.074 12.533 -999.000 5273428399642017.000 643566020740955.250 -999.000
60.0 30.0 -72063503.900 -24067283.050 -999.000 -9175342.329 -6894043.795 -999.000 -0.960 -0.911 -999.000 25.063 12.534 -999.000 5290628983433817.000 628510379952966.375 -999.000
59.0 30.0 -71985168.472 -23663693.911 -999.000 -9260432.673 -6813452.516 -999.000 -0.959 -0.911 -999.000 25.065 12.536 -999.000 5277470279595026.000 607335445277173.500 -999.000
58.0 30.0 -72043832.871 -23131701.332 -999.000 -9701313.610 -6648801.217 -999.000 -0.957 -0.911 -999.000 25.070 12.534 -999.000 5294808171248255.000 580570784003640.250 -999.000
57.0 30.0 -72450784.003 -23004009.494 -999.000 -9858876.934 -6515673.847 -999.000 -0.957 -0.912 -999.000 25.074 12.532 -999.000 5352499842681001.000 572566074095360.750 -999.000
56.0 30.0 -72162053.105 -22377116.546 -999.000 -9469995.447 -6713535.215 -999.000 -0.958 -0.907 -999.000 25.067 12.538 -999.000 5306474053528586.000 546604206117012.750 -999.000
55.0 30.0 -72319525.015 -21852739.214 2480959.027 -10229294.835 -6367108.157 -1193058.663 -0.955 -0.910 -0.143 25.077 12.535 8.272 5340339314373635.000 519320837994717.188 7596383789294.935
54.0 30.0 -72304306.688 -21150788.547 2780500.234 -9910859.551 -7039726.324 -41323.613 -0.957 -0.898 -0.005 25.074 12.543 8.327 5332378410392773.000 498662587128605.812 7748042025077.254
53.0 30.0 -72347859.982 -21097331.797 3036163.458 -10203529.914 -6336790.793 -303328.618 -0.955 -0.907 -0.032 25.078 12.535 8.318 5343811357307500.000 486167435337902.812 9359195053398.773
52.0 30.0 -72230712.434 -20583317.446 3145035.359 -10347113.642 -6254972.652 -298793.647 -0.955 -0.906 -0.030 25.080 12.536 8.318 5329344501393285.000 463661771968748.812 10041290558417.293
51.0 30.0 -71785657.402 -19851857.666 3029718.175 -9811734.152 -6481940.796 130774.888 -0.957 -0.900 0.014 25.070 12.542 8.335 5257730279785906.000 436668061190909.500 9316454695277.014
50.0 30.0 -71581116.679 -19135375.946 3140975.916 -10189023.333 -6488440.819 -96773.353 -0.955 -0.896 -0.010 25.076 12.545 8.324 5233729627977532.000 408491494398187.562 9898076045177.721
49.0 30.0 -71703075.597 -18902545.991 3408669.802 -10484134.605 -6068165.767 -177848.359 -0.954 -0.901 -0.017 25.082 12.538 8.319 5255765612431238.000 394805879716906.062 11700122284399.498
48.0 30.0 -71097727.416 -17993230.361 3249957.389 -10470425.224 -6109305.167 204283.978 -0.953 -0.896 0.020 25.080 12.542 8.333 5171753216034578.000 361936085047786.812 11301417470289.117
47.0 30.0 -71022592.065 -17463464.819 3277119.054 -10759977.233 -5887533.877 -323223.163 -0.952 -0.897 -0.031 25.084 12.543 8.302 5163272722942323.000 340234111621170.312 11514727479554.600
46.0 30.0 -70652293.708 -16857594.143 3590524.972 -11277497.315 -6185738.926 926955.061 -0.950 -0.888 0.080 25.097 12.547 8.357 5120707005577613.000 322483403076531.438 13823859806913.811
45.0 30.0 -70303423.205 -16252580.461 3290317.078 -10317707.809 -5803058.769 417239.794 -0.954 -0.891 0.040 25.079 12.545 8.338 5054819873003288.000 298383653472650.875 12007313800774.318
44.0 30.0 -69889325.151 -15543788.078 3567747.293 -11343875.791 -5973595.014 1011104.117 -0.949 -0.883 0.088 25.099 12.550 8.359 5015888316152423.000 277560249931892.625 13845437312924.037
43.0 30.0 -69525014.468 -14874334.907 3069503.168 -10356644.097 -5797359.196 -166891.431 -0.953 -0.882 -0.017 25.079 12.550 8.313 4950007581760583.000 256007898097063.000 9950049036216.486
90.0 35.0 51929771.420 -26042652.024 -999.000 1765408.469 2511823.378 -999.000 0.011 0.969 -999.000 24.931 12.430 -999.000 2701388226299756.000 684584528635509.500 -999.000
89.0 35.0 52933722.567 -26346523.977 -999.000 1107467.501 2762741.665 -999.000 0.007 0.967 -999.000 24.918 12.427 -999.000 2807560601162404.000 702544397369883.375 -999.000
88.0 35.0 53727545.776 -26492352.174 -999.000 1098974.897 2862004.658 -999.000 0.007 0.966 -999.000 24.916 12.429 -999.000 2893126253627460.500 711187894355790.875 -999.000
87.0 35.0 54863019.588 -26674511.380 -999.000 609544.043 3197129.983 -999.000 0.004 0.962 -999.000 24.902 12.424 -999.000 3015501185799111.000 723099188747278.500 -999.000
86.0 35.0 55831196.165 -26592104.422 -999.000 733387.308 3450694.710 -999.000 0.004 0.959 -999.000 24.908 12.421 -999.000 3122591704649428.500 720530600519201.250 -999.000
85.0 35.0 56711578.900 -26942699.745 -999.000 1018394.313 3348696.354 -999.000 0.006 0.961 -999.000 24.915 12.426 -999.000 3223228172337861.000 738668625749793.125 -999.000
84.0 35.0 57670595.202 -27059102.616 -999.000 1025315.875 3498048.589 -999.000 0.006 0.959 -999.000 24.915 12.425 -999.000 3333060367197645.500 746095227553572.750 -999.000
83.0 35.0 58778793.476 -27288962.556 -999.000 308916.272 3535862.088 -999.000 0.002 0.959 -999.000 24.893 12.423 -999.000 3462248327283217.000 758445986695384.000 -999.000
82.0 35.0 59630167.330 -27023376.115 -999.000 619655.911 4126029.011 -999.000 0.003 0.952 -999.000 24.906 12.417 -999.000 3562082688570556.500 748569997245244.500 -999.000
81.0 35.0 60489201.145 -27193945.363 -999.000 901452.002 4070936.475 -999.000 0.005 0.953 -999.000 24.907 12.420 -999.000 3670049020718856.000 758043826526731.250 -999.000
80.0 35.0 61466886.260 -27282472.285 -999.000 942455.258 4247333.528 -999.000 0.005 0.951 -999.000 24.909 12.419 -999.000 3786473865988859.500 764392417420140.500 -999.000
79.0 35.0 62436043.061 -27291403.755 -999.000 1354740.588 4323315.494 -999.000 0.007 0.950 -999.000 24.921 12.419 -999.000 3904556261817262.000 764599607725392.875 -999.000
78.0 35.0 63054826.463 -27217394.633 -999.000 785227.627 4598084.524 -999.000 0.004 0.947 -999.000 24.906 12.416 -999.000 3987639001491811.000 763670381565930.375 -999.000
77.0 35.0 63972844.503 -27417222.068 -999.000 79848.026 4583726.349 -999.000 0.000 0.947 -999.000 24.892 12.416 -999.000 4100976706142290.000 773832735252903.500 -999.000
76.0 35.0 64713535.716 -27243365.947 -999.000 163939.758 5004253.109 -999.000 0.001 0.942 -999.000 24.897 12.413 -999.000 4195561356273958.500 767540201122933.875 -999.000
75.0 35.0 65471375.766 -27162671.022 -999.000 149224.365 5182448.475 -999.000 0.001 0.940 -999.000 24.897 12.411 -999.000 4294465177834823.000 764716665256778.375 -999.000
74.0 35.0 66308940.545 -27149570.781 -999.000 516176.203 5185437.533 -999.000 0.002 0.940 -999.000 24.908 12.412 -999.000 4404442782607977.000 764379529098438.125 -999.000
73.0 35.0 66944002.411 -27108319.809 -999.000 695038.006 5411952.031 -999.000 0.003 0.937 -999.000 24.908 12.412 -999.000 4489249393309413.500 764342728238228.500 -999.000
72.0 35.0 67628696.362 -26717171.787 -999.000 519231.628 5608168.486 -999.000 0.002 0.934 -999.000 24.904 12.409 -999.000 4583486718912357.000 746128207682730.125 -999.000
71.0 35.0 68112475.656 -26569527.590 -999.000 397602.126 5653344.550 -999.000 0.002 0.933 -999.000 24.906 12.410 -999.000 4648341329064702.000 738976765404434.875 -999.000
70.0 35.0 68904481.483 -26572226.112 -999.000 536264.953 5910729.065 -999.000 0.002 0.930 -999.000 24.906 12.408 -999.000 4756207984792946.000 741888098311975.000 -999.000
69.0 35.0 69573936.657 -26293240.097 -999.000 210548.978 5975434.258 -999.000 0.001 0.929 -999.000 24.904 12.406 -999.000 4848443773921122.000 728131300835503.375 -999.000
68.0 35.0 70042334.982 -25915386.504 -999.000 -240036.803 6361816.446 -999.000 -0.001 0.923 -999.000 24.893 12.402 -999.000 4915237428317859.000 713402384097185.875 -999.000
67.0 35.0 70442265.405 -25614290.282 -999.000 87316.490 6314726.061 -999.000 0.000 0.923 -999.000 24.902 12.405 -999.000 4971555447370974.000 697667019914282.875 -999.000
66.0 35.0 71121271.515 -25529614.184 -999.000 219982.409 6586272.679 -999.000 0.001 0.920 -999.000 24.902 12.402 -999.000 5067363996917674.000 696539496979406.250 -999.000
65.0 35.0 71606675.556 -24968212.607 -999.000 34204.348 6763462.922 -999.000 0.000 0.916 -999.000 24.899 12.399 -999.000 5138529369832846.000 671221851850154.875 -999.000
64.0 35.0 71992651.113 -24574835.398 -999.000 -487484.237 6993047.948 -999.000 -0.002 0.912 -999.000 24.893 12.393 -999.000 5192843245374710.000 653238850519533.625 -999.000
63.0 35.0 72532915.706 -24498250.024 -999.000 -172922.234 6905771.693 -999.000 -0.001 0.913 -999.000 24.901 12.397 -999.000 5269049397585297.000 649010863378605.625 -999.000
62.0 35.0 73046713.463 -24253977.362 -999.000 -186874.120 7240952.076 -999.000 -0.001 0.908 -999.000 24.901 12.394 -999.000 5346575945775296.000 641285360790787.625 -999.000
61.0 35.0 73144821.165 -23447720.309 -999.000 -689450.758 7363553.248 -999.000 -0.003 0.903 -999.000 24.892 12.388 -999.000 5360628331346476.000 603962270431506.750 -999.000
60.0 35.0 73345360.481 -23095148.037 -999.000 -449869.242 7317341.515 -999.000 -0.002 0.902 -999.000 24.897 12.393 -999.000 5389313115048289.000 587977623734405.750 -999.000
59.0 35.0 73775141.824 -22657757.637 -999.000 -989860.032 7670589.882 -999.000 -0.004 0.896 -999.000 24.886 12.386 -999.000 5453407756268368.000 573080362721294.125 -999.000
58.0 35.0 73967025.832 -22129307.457 -999.000 -453357.866 7545118.397 -999.000 -0.002 0.895 -999.000 24.893 12.387 -999.000 5485699038399965.000 547102011475286.375 -999.000
57.0 35.0 74372514.472 -21633248.606 -999.000 -96930.842 7824074.585 -999.000 -0.000 0.890 -999.000 24.904 12.384 -999.000 5539594674057771.000 529955662971315.812 -999.000
56.0 35.0 74446040.953 -21308026.966 -999.000 -545277.331 7982091.781 -999.000 -0.002 0.886 -999.000 24.895 12.383 -999.000 5553164870743636.000 519019419219173.000 -999.000
55.0 35.0 74649960.462 -20798607.821 -999.000 -900134.294 7912821.756 -999.000 -0.004 0.884 -999.000 24.893 12.382 -999.000 5581118707223978.000 495207414579860.938 -999.000
54.0 35.0 74638101.226 -19970253.663 -999.000 -1417100.756 8273763.887 -999.000 -0.006 0.875 -999.000 24.885 12.371 -999.000 5582342371398210.000 463212950184492.500 -999.000
53.0 35.0 74734149.928 -19443061.086 -999.000 -1567774.577 8321710.432 -999.000 -0.007 0.871 -999.000 24.881 12.371 -999.000 5596534122248079.000 446774176306291.375 -999.000
52.0 35.0 74789943.202 -18965240.886 -999.000 -1051056.264 8408851.940 -999.000 -0.004 0.867 -999.000 24.890 12.373 -999.000 5604996510363195.000 430666609758595.875 -999.000
51.0 35.0 74837760.229 -18408949.376 -999.000 -1419222.121 8284381.372 -999.000 -0.006 0.865 -999.000 24.888 12.371 -999.000 5610396104287778.000 405633518522127.062 -999.000
50.0 35.0 74650169.130 -17512376.807 -999.000 -1349810.123 8295885.644 -999.000 -0.006 0.859 -999.000 24.885 12.365 -999.000 5586966414960495.000 373545101152665.438 -999.000
49.0 35.0 74833332.140 -17077430.049 -999.000 -1487904.111 8703925.101 -999.000 -0.006 0.850 -999.000 24.888 12.363 -999.000 5613166013613905.000 366598090409706.812 -999.000
48.0 35.0 74425185.406 -16145029.847 -999.000 -1548411.512 8418483.627 -999.000 -0.007 0.847 -999.000 24.883 12.358 -999.000 5553421845415850.000 328274568856455.188 -999.000
90.0 40.0 -33827686.142 -1493529.581 1618626.853 31110680.880 22490286.847 3832366.037 0.763 0.521 0.373 25.065 12.525 8.381 2117040513552907.000 508389051035911.188 17348572608750.879
89.0 40.0 -34100097.034 -1198865.768 379543.277 32014326.515 22753365.528 3728975.515 0.760 0.517 0.468 25.052 12.522 8.413 2193309819966699.500 520022370077659.812 14253645394228.033
88.0 40.0 -35299479.080 -2020020.182 -999.000 32385985.831 23039941.298 -999.000 0.764 0.528 -999.000 25.061 12.532 -999.000 2299955020202179.000 536081115257225.625 -999.000
87.0 40.0 -36201510.497 -2327963.358 -999.000 33276453.112 23034202.766 -999.000 0.763 0.532 -999.000 25.060 12.532 -999.000 2424491094940283.500 540401919953917.062 -999.000
86.0 40.0 -36664378.140 -1250951.535 -999.000 33833670.234 23375260.077 -999.000 0.763 0.517 -999.000 25.061 12.522 -999.000 2493279277941698.500 551115568199284.938 -999.000
85.0 40.0 -37942132.082 -1856874.629 -999.000 34641381.687 23403883.020 -999.000 0.764 0.525 -999.000 25.067 12.528 -999.000 2645341271925390.000 551265183085289.750 -999.000
84.0 40.0 -38616325.247 -2554188.875 -999.000 35323505.006 23435090.613 -999.000 0.764 0.535 -999.000 25.061 12.534 -999.000 2746273326778160.500 560447178316161.500 -999.000
83.0 40.0 -39016513.718 -2091228.756 -999.000 36258323.252 23608873.593 -999.000 0.762 0.528 -999.000 25.055 12.531 -999.000 2842655705364630.500 562318492684852.188 -999.000
82.0 40.0 -40309090.787 -2107979.263 -999.000 36599946.886 23678028.871 -999.000 0.765 0.528 -999.000 25.069 12.529 -999.000 2970507611129602.000 565543678602033.250 -999.000
81.0 40.0 -40795789.863 -2259198.043 -999.000 37438662.961 23672707.747 -999.000 0.764 0.530 -999.000 25.061 12.531 -999.000 3071308471248743.000 566340395776402.125 -999.000
80.0 40.0 -41780946.848 -2242426.178 -999.000 37891140.434 23745242.776 -999.000 0.766 0.530 -999.000 25.069 12.530 -999.000 3187793700897929.000 569467912640116.875 -999.000
79.0 40.0 -42304949.146 -2429759.352 -999.000 38637886.168 23689286.609 -999.000 0.764 0.533 -999.000 25.063 12.533 -999.000 3288207062351936.000 568122773055330.500 -999.000
78.0 40.0 -42688458.056 -2326285.869 -999.000 39022933.710 23784316.765 -999.000 0.764 0.531 -999.000 25.063 12.532 -999.000 3350211519198147.500 571807224895076.375 -999.000
77.0 40.0 -43023838.062 -2409833.304 -999.000 40179848.427 23734695.723 -999.000 0.761 0.532 -999.000 25.049 12.531 -999.000 3472055983169086.000 571320429620998.750 -999.000
76.0 40.0 -44501022.749 -3174382.765 -999.000 40254302.899 23523212.456 -999.000 0.766 0.543 -999.000 25.065 12.538 -999.000 3609496809279198.000 568578485819508.000 -999.000
75.0 40.0 -44907171.184 -2673947.017 -999.000 40560912.817 23682838.902 -999.000 0.766 0.536 -999.000 25.068 12.533 -999.000 3666738535936039.000 569349347877322.375 -999.000
74.0 40.0 -45557133.919 -2771647.992 -999.000 41492783.058 23434197.567 -999.000 0.765 0.537 -999.000 25.063 12.536 -999.000 3804088790829703.500 557631189840525.562 -999.000
73.0 40.0 -46255269.551 -2149628.911 -999.000 41571270.970 23470796.709 -999.000 0.767 0.529 -999.000 25.070 12.529 -999.000 3873437216330005.000 558020428435274.875 -999.000
72.0 40.0 -46702541.501 -2810346.776 -999.000 42221987.897 23166470.827 -999.000 0.766 0.538 -999.000 25.067 12.537 -999.000 3969193451966016.000 545430359156292.812 -999.000
71.0 40.0 -47898117.876 -3549132.583 -999.000 42593829.767 22815487.802 -999.000 0.769 0.549 -999.000 25.072 12.542 -999.000 4117481733708322.500 538097003184395.875 -999.000
70.0 40.0 -48002361.174 -3044509.103 -999.000 43444280.270 22744681.374 -999.000 0.766 0.542 -999.000 25.065 12.539 -999.000 4198839234448635.000 527441545541438.438 -999.000
69.0 40.0 -49143734.807 -3045604.040 -999.000 43515409.429 22491655.733 -999.000 0.769 0.543 -999.000 25.077 12.538 -999.000 4315041620765697.000 516004455701580.500 -999.000
68.0 40.0 -48780650.714 -3061308.366 -999.000 44429962.164 22253880.008 -999.000 0.765 0.544 -999.000 25.059 12.538 -999.000 4361605176091442.500 506852678463876.250 -999.000
67.0 40.0 -50067355.825 -3257887.046 -999.000 44417064.446 21893381.519 -999.000 0.769 0.547 -999.000 25.074 12.541 -999.000 4485768755046399.000 490856194825204.500 -999.000
66.0 40.0 -50249403.091 -2621624.467 -999.000 44603558.686 21854034.170 -999.000 0.769 0.538 -999.000 25.074 12.534 -999.000 4520627059879934.000 487545811993866.188 -999.000
65.0 40.0 -50389476.902 -3224218.031 -999.000 45464420.104 21337623.529 -999.000 0.766 0.548 -999.000 25.063 12.540 -999.000 4614178233992708.000 467647963184690.438 -999.000
64.0 40.0 -50828851.454 -3280042.497 -2394273.383 45825458.690 20983599.058 -1189364.344 0.766 0.549 -0.853 25.063 12.541 8.322 4691605097287282.000 452906629850395.250 7156596000963.784
63.0 40.0 -52173167.634 -3438493.952 -2652471.469 45654399.897 20588631.341 -1076313.106 0.771 0.553 -0.877 25.081 12.543 8.302 4811609428407687.000 436170962159163.000 8242686330919.404
62.0 40.0 -52606317.556 -4080739.688 -2884815.452 45791338.731 20007755.704 -496912.839 0.772 0.564 -0.946 25.080 12.551 8.277 4872123200692163.000 421559590179443.750 8579965329822.460
61.0 40.0 -52679197.291 -3588874.011 -2812246.997 45892129.695 19897085.815 -1212955.038 0.772 0.557 -0.870 25.082 12.545 8.304 4885457350819068.000 409409280875775.938 9569281806972.980
60.0 40.0 -52918730.757 -3164047.979 -2573186.948 46472920.354 19424997.119 -1741598.869 0.771 0.551 -0.811 25.076 12.541 8.330 4968345381842573.000 388118165702260.062 9656669653577.541
59.0 40.0 -53239084.886 -3193693.488 -2626578.070 46710368.914 18955077.684 -1839052.078 0.771 0.553 -0.806 25.076 12.542 8.331 5024335989036219.000 370158467988944.000 10287653811575.090
58.0 40.0 -53977742.398 -3686776.958 -2562196.810 46824425.962 18276103.272 -1926377.666 0.773 0.563 -0.795 25.082 12.550 8.335 5111219212909361.000 348025687456383.625 10576463897758.775
57.0 40.0 -54338380.636 -3716280.139 -2578751.433 46917734.976 17755390.071 -2021017.208 0.773 0.566 -0.788 25.083 12.552 8.336 5158421288110787.000 329558410376589.812 11025385304343.654
56.0 40.0 -54173260.054 -3770621.439 -2834829.620 46936123.531 17311601.963 -1912424.175 0.773 0.568 -0.811 25.082 12.555 8.326 5142188308200196.000 314454632975317.500 11730672129065.309
55.0 40.0 -55040586.703 -4381913.811 -2405837.838 46888542.297 16453374.602 -2164340.303 0.775 0.583 -0.767 25.087 12.563 8.345 5232577292124419.000 294192114461959.062 12342880540233.461
54.0 40.0 -54389922.396 -3625740.055 -2557642.937 47532834.050 16138707.323 -2448872.971 0.771 0.570 -0.757 25.074 12.553 8.345 5223315527516850.000 274728675652474.375 12926835153570.227
90.0 45.0 31312480.415 828304.075 -999.000 -32297571.599 22728227.276 -999.000 -0.255 0.488 -999.000 25.027 12.509 -999.000 2025413695980934.000 517476055606514.125 -999.000
89.0 45.0 31879376.079 492958.772 -999.000 -33283679.974 22968064.242 -999.000 -0.257 0.493 -999.000 25.020 12.514 -999.000 2126077741133071.500 528830605373578.875 -999.000
88.0 45.0 33294560.256 625182.412 -999.000 -34006845.972 23350970.079 -999.000 -0.253 0.491 -999.000 25.036 12.512 -999.000 2268802906785902.500 547909797919638.188 -999.000
87.0 45.0 33913827.335 876001.635 -999.000 -35142883.036 23563727.523 -999.000 -0.256 0.488 -999.000 25.026 12.509 -999.000 2387124602391395.500 556252995875652.125 -999.000
86.0 45.0 34755915.293 519908.220 -999.000 -35924570.923 23787149.218 -999.000 -0.255 0.493 -999.000 25.027 12.515 -999.000 2501250260620719.500 567035696842594.375 -999.000
85.0 45.0 35566158.868 1057922.809 -999.000 -37297840.954 24009865.841 -999.000 -0.258 0.486 -999.000 25.019 12.509 -999.000 2657795991674397.500 579761538910254.500 -999.000
84.0 45.0 36367927.553 953139.915 -999.000 -38000868.117 24181708.196 -999.000 -0.257 0.487 -999.000 25.023 12.509 -999.000 2768313609156299.000 585849980284783.875 -999.000
83.0 45.0 36580329.043 685561.937 -999.000 -39089070.336 24311855.307 -999.000 -0.261 0.491 -999.000 25.008 12.513 -999.000 2867739882341802.000 592227257977903.125 -999.000
82.0 45.0 38007113.536 592406.139 -999.000 -39647924.546 24469573.036 -999.000 -0.257 0.492 -999.000 25.024 12.515 -999.000 3018904138860296.500 600066334898685.250 -999.000
81.0 45.0 38639749.231 1103926.454 -999.000 -41104361.552 24594281.914 -999.000 -0.260 0.486 -999.000 25.012 12.509 -999.000 3184150136244384.500 608280687898341.625 -999.000
80.0 45.0 39559060.085 611891.456 -999.000 -41447597.393 24656663.343 -999.000 -0.257 0.492 -999.000 25.022 12.515 -999.000 3284930919068916.500 609292728115051.375 -999.000
79.0 45.0 39860497.030 345491.702 -999.000 -42619320.274 24754941.160 -999.000 -0.261 0.496 -999.000 25.013 12.516 -999.000 3405912992127004.000 616749123021617.750 -999.000
78.0 45.0 41053510.019 1006262.712 -999.000 -43350239.678 24737918.411 -999.000 -0.259 0.487 -999.000 25.019 12.509 -999.000 3565788670185158.000 613170862556503.250 -999.000
77.0 45.0 41466489.317 638909.493 -999.000 -44229654.823 24679265.596 -999.000 -0.260 0.492 -999.000 25.013 12.514 -999.000 3677589498875145.500 610608822146743.250 -999.000
76.0 45.0 42398034.057 774738.209 -999.000 -45362324.598 24720623.397 -999.000 -0.261 0.490 -999.000 25.012 12.513 -999.000 3856325647360258.000 612405532159504.000 -999.000
75.0 45.0 42660474.347 369109.978 -999.000 -46031866.216 24688283.813 -999.000 -0.262 0.495 -999.000 25.010 12.516 -999.000 3940584950671692.500 613431043030854.000 -999.000
74.0 45.0 44092976.848 742847.630 -999.000 -46475158.414 24615624.959 -999.000 -0.258 0.490 -999.000 25.024 12.512 -999.000 4107520586588695.500 608784971423596.125 -999.000
73.0 45.0 44123517.650 441750.839 -999.000 -47764510.371 24623148.194 -999.000 -0.263 0.494 -999.000 25.009 12.518 -999.000 4230389971351878.500 608069493242321.125 -999.000
72.0 45.0 44389138.107 743116.106 -999.000 -48489195.305 24286346.864 -999.000 -0.264 0.490 -999.000 25.001 12.513 -999.000 4325685169961911.500 591042058505926.250 -999.000
71.0 45.0 45600238.360 1099285.440 -999.000 -49344977.752 24166522.280 -999.000 -0.263 0.486 -999.000 25.007 12.509 -999.000 4518326822821744.000 587424736146390.125 -999.000
70.0 45.0 46175445.327 752861.369 -999.000 -50096960.725 23972601.924 -999.000 -0.263 0.490 -999.000 25.007 12.514 -999.000 4644620686780410.000 575899487914260.875 -999.000
69.0 45.0 46735165.536 1086459.189 -999.000 -50817087.420 23750532.909 -999.000 -0.263 0.485 -999.000 25.005 12.509 -999.000 4771355659692533.000 567460782109727.375 -999.000
68.0 45.0 46631527.059 704544.857 -999.000 -51448181.617 23450062.024 -999.000 -0.266 0.490 -999.000 24.997 12.513 -999.000 4826638415316775.000 551033407613392.812 -999.000
67.0 45.0 47854102.440 931583.205 -999.000 -51905986.054 23206844.660 -999.000 -0.263 0.487 -999.000 25.009 12.510 -999.000 4986834346081965.000 539665075833201.875 -999.000
66.0 45.0 48413780.955 546944.457 -999.000 -52357428.464 22890549.981 -999.000 -0.262 0.492 -999.000 25.011 12.516 -999.000 5086843543731748.000 525102834690076.938 -999.000
65.0 45.0 48809473.299 879651.262 -999.000 -53192210.315 22561887.942 -999.000 -0.264 0.488 -999.000 25.007 12.510 -999.000 5215048153614162.000 510071981019425.062 -999.000
64.0 45.0 49247827.682 660843.005 -999.000 -54036823.479 22213167.724 -999.000 -0.265 0.491 -999.000 25.004 12.515 -999.000 5349357478438773.000 494383198486477.062 -999.000
63.0 45.0 49615726.503 625488.638 -999.000 -54655979.183 21821751.915 -999.000 -0.265 0.491 -999.000 25.002 12.515 -999.000 5453545037453643.000 477078107444998.438 -999.000
62.0 45.0 49981617.350 514183.469 -999.000 -55239393.160 21544157.075 -999.000 -0.266 0.492 -999.000 25.000 12.515 -999.000 5554173239447183.000 465394449815218.000 -999.000
61.0 45.0 50692582.253 517207.424 -999.000 -55297743.215 20994483.609 -999.000 -0.264 0.492 -999.000 25.011 12.514 -999.000 5629833847145772.000 443223526173013.312 -999.000
60.0 45.0 50423226.196 398912.938 -999.000 -55998562.872 20426370.781 -999.000 -0.267 0.494 -999.000 24.999 12.517 -999.000 5686844853264439.000 418301805218072.062 -999.000
59.0 45.0 50675202.431 361019.692 -999.000 -56511939.347 19933297.720 -999.000 -0.267 0.494 -999.000 24.997 12.517 -999.000 5770618661865605.000 398338425273448.875 -999.000
58.0 45.0 51395089.855 320029.515 -999.000 -56669957.489 19469838.214 -999.000 -0.266 0.495 -999.000 25.004 12.519 -999.000 5856716155020970.000 379685453411356.062 -999.000
90.0 50.0 27716261.944 -5256115.728 -999.000 21865139.566 -15955903.449 -999.000 0.213 -0.601 -999.000 24.953 12.456 -999.000 1247980719058254.500 282841267352503.438 -999.000
89.0 50.0 28632085.260 -5680550.214 -999.000 22736184.543 -16008850.646 -999.000 0.214 -0.609 -999.000 24.952 12.454 -999.000 1338517028443622.750 289081327691549.625 -999.000
88.0 50.0 29758628.899 -5702893.260 -999.000 23270017.554 -16232071.581 -999.000 0.211 -0.608 -999.000 24.950 12.453 -999.000 1428362169810264.000 296433657530130.062 -999.000
87.0 50.0 31061778.943 -6306502.705 -999.000 23709092.177 -16194564.468 -999.000 0.208 -0.618 -999.000 24.930 12.446 -999.000 1528099162758928.750 302432672737904.125 -999.000
86.0 50.0 31711709.448 -6398890.438 -999.000 24813225.659 -16270228.488 -999.000 0.211 -0.619 -999.000 24.946 12.448 -999.000 1622720277181732.500 305967171054445.438 -999.000
85.0 50.0 32294820.659 -6839747.232 -999.000 26013974.583 -16058370.758 -999.000 0.216 -0.628 -999.000 24.966 12.439 -999.000 1722290758142469.000 305277626690784.500 -999.000
84.0 50.0 33297845.837 -7047742.492 -999.000 26698445.294 -16067966.149 -999.000 0.215 -0.632 -999.000 24.964 12.438 -999.000 1824314110237777.500 308476432199799.500 -999.000
83.0 50.0 34296664.593 -7281222.809 -999.000 27371221.213 -16026622.024 -999.000 0.214 -0.636 -999.000 24.962 12.435 -999.000 1928333088573000.750 310391163077732.000 -999.000
82.0 50.0 35728295.745 -7334969.802 -999.000 27523718.381 -16155337.545 -999.000 0.209 -0.636 -999.000 24.940 12.439 -999.000 2034657799971538.250 315775347529888.750 -999.000
81.0 50.0 36869019.516 -7599849.185 -999.000 27829610.410 -16070425.484 -999.000 0.206 -0.641 -999.000 24.931 12.430 -999.000 2134881129425133.000 318747090642437.438 -999.000
80.0 50.0 37730241.522 -7798738.870 -999.000 28775193.549 -15911619.360 -999.000 0.207 -0.645 -999.000 24.937 12.433 -999.000 2251793717193527.500 314662984363747.188 -999.000
79.0 50.0 38682663.773 -8105897.694 -999.000 29528421.499 -15859773.452 -999.000 0.208 -0.650 -999.000 24.942 12.430 -999.000 2369495131308296.000 317267902810193.688 -999.000
78.0 50.0 39910536.609 -8320176.014 -999.000 29709859.370 -15556964.816 -999.000 0.204 -0.656 -999.000 24.924 12.424 -999.000 2478249369455139.000 311680286939631.688 -999.000
77.0 50.0 40628181.245 -8597869.213 -999.000 30722293.349 -15350864.954 -999.000 0.206 -0.663 -999.000 24.939 12.423 -999.000 2594827431665248.500 310497631459949.000 -999.000
76.0 50.0 41572934.410 -8623374.762 -999.000 30806591.412 -14833556.116 -999.000 0.203 -0.668 -999.000 24.926 12.418 -999.000 2680419285864014.500 294904293103092.875 -999.000
75.0 50.0 42533736.849 -8531875.203 -999.000 31633685.488 -14958454.765 -999.000 0.204 -0.665 -999.000 24.931 12.422 -999.000 2811667312028467.000 297176413469732.938 -999.000
74.0 50.0 43441524.682 -9039818.057 -999.000 31868891.831 -14164761.470 -999.000 0.201 -0.681 -999.000 24.922 12.411 -999.000 2906812704178991.500 282398295411142.500 -999.000
73.0 50.0 44271130.909 -9339203.538 -999.000 32862321.899 -13875605.087 -999.000 0.203 -0.689 -999.000 24.927 12.409 -999.000 3042409649748608.500 280400671723216.375 -999.000
72.0 50.0 45134309.252 -9286510.694 -999.000 33379409.757 -13590712.698 -999.000 0.203 -0.691 -999.000 24.923 12.404 -999.000 3159732695635574.500 272634616785851.344 -999.000
71.0 50.0 46217433.730 -9994276.257 -999.000 33653588.300 -12704324.295 -999.000 0.200 -0.712 -999.000 24.918 12.390 -999.000 3273476754642656.500 261423886939566.875 -999.000
70.0 50.0 46903028.233 -9894302.913 -999.000 34284879.592 -12410468.843 -999.000 0.201 -0.714 -999.000 24.922 12.394 -999.000 3379666970558974.500 252547207365254.156 -999.000
69.0 50.0 47769253.279 -10020908.115 -999.000 34303624.779 -11729379.354 -999.000 0.198 -0.725 -999.000 24.914 12.385 -999.000 3464493076991031.500 238053092675662.812 -999.000
68.0 50.0 48746907.431 -10422888.667 -999.000 34944795.085 -11048208.723 -999.000 0.198 -0.741 -999.000 24.913 12.374 -999.000 3603819449681812.500 230316784412921.219 -999.000
67.0 50.0 49386082.789 -10356379.982 -999.000 35104106.901 -10471627.256 -999.000 0.197 -0.748 -999.000 24.911 12.371 -999.000 3677843653094765.000 215680095123094.750 -999.000
66.0 50.0 50097912.271 -10517922.969 -999.000 35565919.221 -9747055.097 -999.000 0.197 -0.762 -999.000 24.911 12.363 -999.000 3781337543862209.500 203827914756020.594 -999.000
65.0 50.0 50824754.948 -10337970.482 -999.000 36244919.226 -9524470.106 -999.000 0.197 -0.763 -999.000 24.916 12.368 -999.000 3902661622731945.000 197585930095098.469 -999.000
64.0 50.0 51529584.819 -10674156.792 -999.000 36665422.120 -8300413.270 -999.000 0.197 -0.790 -999.000 24.913 12.352 -999.000 4007208109817769.500 182302705264743.000 -999.000
63.0 50.0 52722180.168 -10977590.939 -999.000 36551041.418 -7503388.667 -999.000 0.193 -0.809 -999.000 24.897 12.339 -999.000 4125907989654386.000 174762042328656.469 -999.000
90.0 55.0 -422259.891 16485611.720 -109828.787 -33034008.926 -822679.089 2807940.396 -0.504 -0.016 0.512 25.063 12.524 8.353 1094140828846174.500 272778130092799.250 7930924348253.942
89.0 55.0 -496579.240 16764169.793 -999.000 -34600662.284 -609010.828 -999.000 -0.505 -0.012 -999.000 25.056 12.526 -999.000 1199197219000343.750 281552181295123.562 -999.000
88.0 55.0 -496327.820 17030575.152 -999.000 -35990445.254 -539631.135 -999.000 -0.504 -0.010 -999.000 25.056 12.527 -999.000 1297429580801706.250 290350161690295.000 -999.000
87.0 55.0 -1039630.469 17189915.168 -999.000 -37439947.876 -649050.483 -999.000 -0.509 -0.012 -999.000 25.036 12.523 -999.000 1405757067365942.500 296190565087166.000 -999.000
86.0 55.0 -216029.511 17425503.073 -999.000 -38476552.973 -658211.952 -999.000 -0.502 -0.012 -999.000 25.068 12.525 -999.000 1482391674872857.500 304239606526447.250 -999.000
85.0 55.0 -370864.502 17728727.201 -999.000 -40209378.361 -273776.550 -999.000 -0.503 -0.005 -999.000 25.056 12.530 -999.000 1621879016441884.250 314611929346022.938 -999.000
84.0 55.0 -570109.350 17815859.217 -999.000 -41551179.124 -471416.406 -999.000 -0.504 -0.008 -999.000 25.051 12.526 -999.000 1730764169741249.500 317804127220946.438 -999.000
83.0 55.0 139315.351 17765843.242 -999.000 -42977849.347 -386220.336 -999.000 -0.499 -0.007 -999.000 25.073 12.528 -999.000 1852571654307509.250 316714413448922.438 -999.000
82.0 55.0 226770.958 17829566.851 -999.000 -44340444.210 -272281.618 -999.000 -0.498 -0.005 -999.000 25.075 12.529 -999.000 1971752000728302.250 318996024235802.688 -999.000
81.0 55.0 -82411.126 17994820.231 -999.000 -45513423.475 -573171.939 -999.000 -0.501 -0.010 -999.000 25.068 12.525 -999.000 2074039417575145.750 325006614458551.125 -999.000
80.0 55.0 -272705.042 17995053.187 -999.000 -46978445.193 -137222.620 -999.000 -0.502 -0.002 -999.000 25.058 12.529 -999.000 2212062698299998.250 324138423066616.062 -999.000
79.0 55.0 -106883.593 17862008.362 -999.000 -48269509.869 215136.072 -999.000 -0.501 0.004 -999.000 25.065 12.535 -999.000 2332895096365939.000 319686196667297.500 -999.000
78.0 55.0 -644242.979 17726555.084 -999.000 -49632014.797 150865.978 -999.000 -0.504 0.003 -999.000 25.049 12.532 -999.000 2469782557819536.000 314672308315277.250 -999.000
77.0 55.0 195124.264 17697637.638 -999.000 -50693254.726 211445.066 -999.000 -0.499 0.004 -999.000 25.074 12.536 -999.000 2574286395416056.500 313969857035214.250 -999.000
76.0 55.0 577888.478 17476027.047 -999.000 -52247489.554 366994.024 -999.000 -0.496 0.007 -999.000 25.078 12.537 -999.000 2736466186212353.500 307029905460083.500 -999.000
75.0 55.0 541300.406 17318577.985 -836354.547 -53136588.472 400533.587 -1843426.338 -0.497 0.007 -0.636 25.080 12.537 8.317 2826317664206834.500 300666448579485.438 4124254573495.814
74.0 55.0 247090.607 17126683.051 -518468.354 -54651556.638 835750.303 -1923258.691 -0.499 0.016 -0.584 25.070 12.542 8.341 2990451679414575.000 294469334194462.375 3983547385105.251
73.0 55.0 764974.514 16839259.891 -950762.039 -55958733.971 745238.197 -2074926.437 -0.496 0.014 -0.637 25.080 12.541 8.329 3138441761346299.500 285577386745646.000 5214709605259.372
72.0 55.0 485359.169 16632060.332 -854909.931 -56874079.839 829381.375 -2160349.139 -0.497 0.016 -0.620 25.077 12.543 8.326 3239470109768953.000 277755199431747.250 5554335701694.794
71.0 55.0 291691.333 16339331.245 -904925.499 -58250646.012 1087772.788 -2450766.940 -0.498 0.021 -0.613 25.067 12.543 8.326 3399628501187014.000 268614408571129.250 6888430232030.009
70.0 55.0 -165444.236 15861704.938 -1228456.632 -59394624.292 1139951.765 -2588691.839 -0.501 0.023 -0.641 25.058 12.544 8.314 3535974578807554.500 253087504030952.688 8374534044027.779
69.0 55.0 1093430.888 15521303.490 -894024.161 -60542232.549 1237427.064 -2821601.360 -0.494 0.025 -0.598 25.084 12.548 8.337 3672839591603769.000 243610751899371.656 8838367657204.924
68.0 55.0 430941.849 15146986.476 -914902.814 -61544531.616 1617871.395 -2898306.550 -0.498 0.034 -0.597 25.068 12.551 8.330 3794546335875612.500 232624029441341.750 9287404044438.471
67.0 55.0 903189.061 14807473.090 -1090366.279 -62462541.439 1266217.911 -2844198.075 -0.495 0.027 -0.617 25.080 12.546 8.321 3905789918692235.500 221226144063685.406 9490142015325.426
90.0 60.0 -15108279.848 3072480.470 -999.000 20444067.220 12101640.516 -999.000 0.703 0.421 -999.000 25.024 12.525 -999.000 646654373335860.125 157169573062695.562 -999.000
89.0 60.0 -16815316.661 2320629.592 -999.000 21054248.527 12452480.792 -999.000 0.715 0.441 -999.000 25.061 12.541 -999.000 728726753532623.875 164237053955224.219 -999.000
88.0 60.0 -17693986.915 3003400.812 929924.067 22152450.474 12600955.424 1638055.137 0.715 0.426 0.336 25.068 12.529 8.400 805865086864691.125 167943186424611.031 4181807717460.836
87.0 60.0 -18521300.410 2982598.903 -999.000 23156399.420 12814232.749 -999.000 0.715 0.427 -999.000 25.068 12.530 -999.000 881446649873642.750 173291494061016.562 -999.000
86.0 60.0 -18898858.082 3251586.210 -999.000 24121107.247 12955747.360 -999.000 0.712 0.422 -999.000 25.055 12.525 -999.000 941666445189317.375 178924754408426.500 -999.000
85.0 60.0 -19721404.115 3191911.890 -999.000 25139616.926 13119445.137 -999.000 0.712 0.424 -999.000 25.055 12.527 -999.000 1023766236403238.875 182720333186073.219 -999.000
84.0 60.0 -20595106.124 2836975.344 -999.000 25936228.419 13341803.007 -999.000 0.714 0.433 -999.000 25.063 12.536 -999.000 1098621263085393.375 186496671694205.531 -999.000
83.0 60.0 -21908093.929 2054446.503 -999.000 27002090.885 13401010.371 -999.000 0.717 0.452 -999.000 25.067 12.547 -999.000 1212923287466989.000 187520765229655.562 -999.000
82.0 60.0 -22343365.953 2987627.254 -999.000 28060366.945 13363105.592 -999.000 0.714 0.430 -999.000 25.061 12.530 -999.000 1290068010278640.000 188063911819914.094 -999.000
81.0 60.0 -23498048.229 2508152.306 -999.000 28639565.720 13545575.874 -999.000 0.719 0.442 -999.000 25.078 12.538 -999.000 1374032682101359.750 190450667647884.156 -999.000
80.0 60.0 -23650800.698 2535488.008 -999.000 30251058.307 13357877.554 -999.000 0.711 0.440 -999.000 25.048 12.537 -999.000 1476884112202281.750 185941699410366.469 -999.000
79.0 60.0 -25495573.653 1718295.395 -999.000 30725779.672 13320786.000 -999.000 0.720 0.459 -999.000 25.076 12.551 -999.000 1598474731196624.250 183993436221355.531 -999.000
78.0 60.0 -26191895.692 2130431.731 -999.000 31849900.104 13188677.648 -999.000 0.719 0.449 -999.000 25.074 12.544 -999.000 1703098202398275.250 178605337711347.281 -999.000
77.0 60.0 -26717423.618 2394856.153 -999.000 32710873.853 13066814.036 -999.000 0.718 0.442 -999.000 25.070 12.537 -999.000 1787946169672234.500 177149857330189.688 -999.000
76.0 60.0 -27880496.480 1858479.781 -1557605.122 33681359.514 12886775.702 -132797.677 0.720 0.454 -0.973 25.076 12.547 8.332 1914553789414021.750 169543476531411.594 2632534609140.985
75.0 60.0 -27975085.069 1824150.237 -1907387.517 34777596.818 12690751.438 -310903.785 0.716 0.455 -0.948 25.059 12.545 8.333 1995100081189574.000 165032497068666.094 3916414314450.053
74.0 60.0 -29216338.805 1498582.821 -1972363.487 35198550.928 12566040.124 28822.494 0.721 0.462 0.294 25.078 12.554 8.316 2094935611332328.500 160553299167684.406 3904414709919.244
73.0 60.0 -29624345.262 1482872.634 -2129851.701 36462482.236 12153495.337 -523180.281 0.717 0.461 -0.923 25.063 12.549 8.339 2210163032107044.500 150386484103200.812 5076003799382.334
72.0 60.0 -31138742.824 1087547.545 -2203508.242 36622817.212 11974460.192 35178.555 0.724 0.471 0.995 25.089 12.554 8.302 2311836125468205.000 145177848892165.500 5048827921151.123
71.0 60.0 -31671910.117 1281021.148 -2218668.257 37741051.989 11529614.569 -298325.381 0.722 0.465 -0.957 25.080 12.550 8.327 2431330322482463.000 135089665178288.312 5034792127016.878
70.0 60.0 -32779472.147 673997.842 -2138434.770 38553595.675 11086616.874 -525559.210 0.724 0.481 -0.923 25.085 12.563 8.341 2562910558889900.000 123511290991440.734 5038971073547.034
90.0 65.0 14323161.306 -1314453.966 -999.000 13801754.492 -9176202.811 -999.000 0.244 -0.545 -999.000 24.959 12.460 -999.000 398641593188990.500 86948781910923.359 -999.000
89.0 65.0 15308629.951 -1427370.844 -999.000 14598273.516 -9357375.739 -999.000 0.242 -0.548 -999.000 24.955 12.459 -999.000 450498879297677.625 90434742063384.484 -999.000
88.0 65.0 16734783.567 -1788354.584 -999.000 15028035.789 -9644973.530 -999.000 0.233 -0.558 -999.000 24.930 12.453 -999.000 506339052810543.875 96426939625305.391 -999.000
87.0 65.0 17565169.089 -1956327.315 -999.000 15851096.632 -9694490.720 -999.000 0.234 -0.563 -999.000 24.939 12.444 -999.000 559836825474706.000 99897013203316.969 -999.000
86.0 65.0 18924924.084 -2224926.059 -999.000 16664429.406 -9850225.190 -999.000 0.230 -0.571 -999.000 24.918 12.446 -999.000 637704126951858.250 102098334421373.938 -999.000
85.0 65.0 19433222.760 -1924186.982 -999.000 17717254.099 -9907450.241 -999.000 0.235 -0.561 -999.000 24.953 12.453 -999.000 692975911710135.750 102021509065897.578 -999.000
84.0 65.0 20681037.368 -2977523.628 -999.000 18432160.786 -9546869.934 -999.000 0.232 -0.596 -999.000 24.933 12.428 -999.000 767738523396849.625 100945436102981.797 -999.000
83.0 65.0 21446385.214 -2803814.709 -999.000 19515165.564 -9724782.097 -999.000 0.235 -0.589 -999.000 24.955 12.439 -999.000 842056058690119.375 102822813058520.000 -999.000
82.0 65.0 23066149.175 -3214810.868 -999.000 19866181.914 -9547182.150 -999.000 0.226 -0.603 -999.000 24.912 12.428 -999.000 929335144060150.125 101583958452130.719 -999.000
81.0 65.0 23066210.937 -3519146.132 -999.000 21493705.646 -9073348.455 -999.000 0.239 -0.618 -999.000 24.967 12.416 -999.000 995604646144400.875 95079896874039.781 -999.000
80.0 65.0 24109207.553 -3831467.445 -999.000 22274367.735 -8794806.570 -999.000 0.237 -0.631 -999.000 24.964 12.409 -999.000 1078877123033874.125 92326141920745.453 -999.000
79.0 65.0 25154881.361 -4150274.008 -999.000 23039102.027 -8440585.227 -999.000 0.236 -0.645 -999.000 24.960 12.400 -999.000 1165124530952396.000 88781564610931.203 -999.000
78.0 65.0 26721043.995 -4146723.156 -999.000 23246872.640 -8182014.135 -999.000 0.228 -0.649 -999.000 24.929 12.406 -999.000 1255488455301401.250 84768007026740.797 -999.000
77.0 65.0 27234931.443 -4824858.535 -999.000 24514698.628 -7524246.812 -999.000 0.233 -0.681 -999.000 24.953 12.379 -999.000 1344214209488365.500 79712116354745.609 -999.000
76.0 65.0 29243905.712 -5040017.383 -999.000 24401202.003 -7220993.279 -999.000 0.221 -0.694 -999.000 24.904 12.377 -999.000 1454742257109874.500 77674861127083.172 -999.000
75.0 65.0 29721308.348 -4882224.137 -999.000 25502911.481 -6741071.472 -999.000 0.226 -0.700 -999.000 24.932 12.382 -999.000 1534599898571713.250 70202572113759.188 -999.000
74.0 65.0 31025713.529 -5370541.803 -999.000 25732400.769 -6052942.045 -999.000 0.220 -0.731 -999.000 24.907 12.356 -999.000 1627464528159363.250 64227505655626.836 -999.000
90.0 70.0 -5144288.072 6524490.675 -999.000 -15496729.114 -4733449.121 -999.000 -0.602 -0.200 -999.000 25.053 12.531 -999.000 267014425268686.750 65064590451249.719 -999.000
89.0 70.0 -5261349.363 6551963.470 -999.000 -16698560.275 -5198052.079 -999.000 -0.597 -0.214 -999.000 25.082 12.520 -999.000 307010598118579.812 70288868208752.031 -999.000
88.0 70.0 -5748228.335 6559110.417 -999.000 -18010836.230 -5529282.942 -999.000 -0.598 -0.223 -999.000 25.070 12.509 -999.000 358038233877587.812 74073944845781.750 -999.000
87.0 70.0 -6114415.580 6959429.073 -999.000 -19447744.852 -5192144.993 -999.000 -0.597 -0.204 -999.000 25.072 12.519 -999.000 416060525879368.188 76029410791812.312 -999.000
86.0 70.0 -6240684.712 7098295.612 -999.000 -20869730.891 -5155220.149 -999.000 -0.592 -0.200 -999.000 25.082 12.529 -999.000 477061958327647.438 78083391219845.531 -999.000
85.0 70.0 -6850823.685 6990383.075 -999.000 -21961664.402 -5566857.909 -999.000 -0.596 -0.214 -999.000 25.073 12.514 -999.000 530025259272093.875 80383266012186.750 -999.000
84.0 70.0 -6765839.738 7221426.663 -999.000 -23264015.031 -5202107.851 -999.000 -0.590 -0.199 -999.000 25.098 12.529 -999.000 587251140519958.000 79253719509964.031 -999.000
83.0 70.0 -7508936.685 7283080.313 -999.000 -24784353.514 -5013678.638 -999.000 -0.594 -0.192 -999.000 25.078 12.527 -999.000 671256939804071.125 78443132369793.031 -999.000
82.0 70.0 -7782490.720 7281212.067 -999.000 -25944639.459 -4989977.652 -999.000 -0.593 -0.191 -999.000 25.086 12.533 -999.000 734208991304300.875 78232831379472.438 -999.000
81.0 70.0 -8279873.429 7356942.422 -1050125.758 -27386788.217 -4683250.601 -211984.368 -0.593 -0.180 -0.937 25.068 12.537 8.319 821666772143710.125 76212115532547.047 1153912932472.513
80.0 70.0 -8657889.581 7354279.614 -1150033.004 -28695313.197 -4144561.048 -416578.853 -0.593 -0.163 -0.889 25.073 12.552 8.330 899449742939319.125 71453645335319.406 1498408427557.689
79.0 70.0 -8878992.111 7110583.955 -1306232.354 -30062391.325 -4291240.227 -365972.695 -0.591 -0.173 -0.913 25.073 12.541 8.321 985929386837870.500 69114684302629.773 1841797637745.522
78.0 70.0 -9073640.784 6754588.640 -1461055.677 -31465843.667 -4117498.396 -659472.448 -0.589 -0.174 -0.865 25.087 12.536 8.344 1072957812666033.250 62711151292409.398 2578850139836.234
90.0 75.0 4444125.681 4207749.021 -999.000 -10661121.806 3470567.619 -999.000 -0.374 0.220 -999.000 25.114 12.530 -999.000 134528996881769.750 30341197240556.180 -999.000
89.0 75.0 4293959.351 4360663.071 -999.000 -11741379.312 3682011.273 -999.000 -0.388 0.223 -999.000 25.068 12.538 -999.000 157515686331935.938 32740540176198.633 -999.000
88.0 75.0 4678627.011 4453794.327 -999.000 -13202379.444 4104730.235 -999.000 -0.392 0.237 -999.000 25.058 12.542 -999.000 196448517756738.531 37478633685145.477 -999.000
87.0 75.0 4872734.813 4184145.067 -999.000 -14332562.690 4174165.677 -999.000 -0.396 0.250 -999.000 25.049 12.557 -999.000 230543549543041.750 36608981089844.266 -999.000
86.0 75.0 5532043.488 4772129.875 -999.000 -15762451.991 4012111.508 -999.000 -0.393 0.223 -999.000 25.038 12.530 -999.000 280358654765616.875 39200181998602.344 -999.000
85.0 75.0 6225525.184 4708141.611 -999.000 -16693419.048 4044853.230 -999.000 -0.386 0.226 -999.000 25.072 12.535 -999.000 317797161393990.188 39146379967042.727 -999.000
84.0 75.0 6610075.877 4465960.820 -999.000 -18092995.210 4175468.885 -999.000 -0.389 0.239 -999.000 25.061 12.542 -999.000 371720080603731.000 37663287433886.055 -999.000
83.0 75.0 6833717.847 4275165.013 1010021.906 -19096626.641 4160099.571 -695182.441 -0.391 0.246 -0.192 25.056 12.547 8.356 412054460024466.062 35583916347907.703 1660471934411.734
82.0 75.0 7299363.039 4320522.192 -999.000 -20798381.129 4152094.769 -999.000 -0.393 0.244 -999.000 25.042 12.541 -999.000 487507278132404.438 36097553360167.008 -999.000
81.0 75.0 7973875.859 4075117.254 -999.000 -21746483.814 4096818.110 -999.000 -0.388 0.251 -999.000 25.066 12.551 -999.000 537118208851954.000 33901013292451.324 -999.000
90.0 80.0 4580260.719 -472901.136 -999.000 -4768413.572 3167789.578 -999.000 -0.256 0.547 -999.000 24.911 12.523 -999.000 43818245484608.906 10275799500450.434 -999.000
89.0 80.0 5554427.890 -669009.271 -999.000 -5415418.994 3363232.548 -999.000 -0.246 0.563 -999.000 24.988 12.529 -999.000 60630164723246.641 12753573728853.357 -999.000
88.0 80.0 6766974.726 -411311.938 -999.000 -6362071.055 3539481.585 -999.000 -0.240 0.537 -999.000 25.006 12.528 -999.000 86347741815440.906 12852715815261.145 -999.000
87.0 80.0 7232013.229 -722726.121 -999.000 -7230995.974 3646597.393 -999.000 -0.250 0.562 -999.000 24.983 12.549 -999.000 104770328453480.281 14193779062094.617 -999.000
86.0 80.0 8337633.151 -369482.015 -999.000 -8067421.459 3579023.223 -999.000 -0.245 0.533 -999.000 24.995 12.526 -999.000 134797199890938.656 13101861304480.758 -999.000
85.0 80.0 9384314.354 -340857.543 -999.000 -8465985.847 3567070.399 -999.000 -0.234 0.530 -999.000 25.045 12.506 -999.000 160092622130334.406 13621348726683.439 -999.000
90.0 85.0 -710794.339 1046313.592 -999.000 2749474.888 685188.239 -999.000 0.580 0.185 -999.000 25.040 12.589 -999.000 8226036652663.566 1598850145488.884 -999.000
89.0 85.0 -1429025.492 1055888.324 -999.000 3155789.266 633491.220 -999.000 0.635 0.172 -999.000 25.291 12.532 -999.000 11673085323564.387 1667227666847.844 -999.000
88.0 85.0 -1296804.320 1028863.850 -999.000 3997125.451 717644.103 -999.000 0.600 0.194 -999.000 25.154 12.549 -999.000 17709128003955.520 1580039554023.480 -999.000
